{
  "meta": {
    "data_version": "1.1.0",
    "created": "2022-08-14",
    "revision": 1
  },
  "info": {
    "balls_per_over": 5,
    "city": "London",
    "dates": [
      "2022-08-14"
    ],
    "event": {
      "name": "The Hundred Women's Competition",
      "match_number": 6
    },
    "gender": "female",
    "match_type": "T20",
    "officials": {
      "match_referees": [
        "H Pack"
      ],
      "reserve_umpires": [
        "J Ibbotson"
      ],
      "tv_umpires": [
        "NL Bainton"
      ],
      "umpires": [
        "BJ Debenham",
        "SM Bartlett"
      ]
    },
    "outcome": {
      "winner": "Southern Brave",
      "by": {
        "runs": 12
      }
    },
    "overs": 20,
    "player_of_match": [
      "GL Adams"
    ],
    "players": {
      "Southern Brave": [
        "S Mandhana",
        "DN Wyatt",
        "SIR Dunkley",
        "TM McGrath",
        "ME Bouchier",
        "GL Adams",
        "FG Kemp",
        "A Wellington",
        "LK Bell",
        "A Shrubsole",
        "CE Rudd"
      ],
      "Oval Invincibles": [
        "L Winfield",
        "SW Bates",
        "A Cranstone",
        "M Kapp",
        "MK Villiers",
        "KM Chathli",
        "KE White",
        "E Gray",
        "R MacDonald-Gay",
        "S Ismail",
        "Sophia Smale"
      ]
    },
    "registry": {
      "people": {
        "A Cranstone": "b9a52291",
        "A Shrubsole": "32497ecd",
        "A Wellington": "9b3bcca4",
        "BJ Debenham": "524a3a82",
        "CE Rudd": "290af2b3",
        "DN Wyatt": "a139c379",
        "E Gray": "58717de2",
        "FG Kemp": "abc9f8a4",
        "GL Adams": "7b1f2542",
        "H Pack": "fed53c91",
        "J Ibbotson": "7318fdbf",
        "KE White": "35eda1e3",
        "KM Chathli": "6ffbf04c",
        "L Winfield": "5230a33d",
        "LK Bell": "38b4583c",
        "M Kapp": "63e3b6b3",
        "ME Bouchier": "c2554b59",
        "MK Villiers": "cd62f670",
        "NL Bainton": "cd219cb3",
        "R MacDonald-Gay": "459a7b0a",
        "S Ismail": "108c4c09",
        "S Mandhana": "5d2eda89",
        "SIR Dunkley": "3a9e9cb2",
        "SM Bartlett": "7ba18406",
        "SW Bates": "89bbc67a",
        "Sophia Smale": "c296dba1",
        "TM McGrath": "ca5acfa4"
      }
    },
    "season": "2022",
    "team_type": "club",
    "teams": [
      "Southern Brave",
      "Oval Invincibles"
    ],
    "toss": {
      "decision": "field",
      "winner": "Oval Invincibles"
    },
    "venue": "Kennington Oval, London"
  },
  "innings": [
    {
      "team": "Southern Brave",
      "overs": [
        {
          "over": 0,
          "deliveries": [
            {
              "batter": "S Mandhana",
              "bowler": "M Kapp",
              "non_striker": "DN Wyatt",
              "runs": {
                "batter": 4,
                "extras": 0,
                "total": 4
              }
            },
            {
              "batter": "S Mandhana",
              "bowler": "M Kapp",
              "non_striker": "DN Wyatt",
              "runs": {
                "batter": 4,
                "extras": 0,
                "total": 4
              }
            },
            {
              "batter": "S Mandhana",
              "bowler": "M Kapp",
              "non_striker": "DN Wyatt",
              "runs": {
                "batter": 1,
                "extras": 0,
                "total": 1
              }
            },
            {
              "batter": "DN Wyatt",
              "bowler": "M Kapp",
              "non_striker": "S Mandhana",
              "runs": {
                "batter": 0,
                "extras": 0,
                "total": 0
              }
            },
            {
              "batter": "DN Wyatt",
              "bowler": "M Kapp",
              "non_striker": "S Mandhana",
              "runs": {
                "batter": 1,
                "extras": 0,
                "total": 1
              }
            }
          ]
        },
        {
          "over": 1,
          "deliveries": [
            {
              "batter": "S Mandhana",
              "bowler": "S Ismail",
              "non_striker": "DN Wyatt",
              "runs": {
                "batter": 0,
                "extras": 0,
                "total": 0
              }
            },
            {
              "batter": "S Mandhana",
              "bowler": "S Ismail",
              "non_striker": "DN Wyatt",
              "runs": {
                "batter": 4,
                "extras": 0,
                "total": 4
              }
            },
            {
              "batter": "S Mandhana",
              "bowler": "S Ismail",
              "non_striker": "DN Wyatt",
              "runs": {
                "batter": 1,
                "extras": 0,
                "total": 1
              }
            },
            {
              "batter": "DN Wyatt",
              "bowler": "S Ismail",
              "non_striker": "S Mandhana",
              "runs": {
                "batter": 1,
                "extras": 0,
                "total": 1
              }
            },
            {
              "batter": "S Mandhana",
              "bowler": "S Ismail",
              "non_striker": "DN Wyatt",
              "runs": {
                "batter": 4,
                "extras": 0,
                "total": 4
              }
            }
          ]
        },
        {
          "over": 2,
          "deliveries": [
            {
              "batter": "DN Wyatt",
              "bowler": "M Kapp",
              "non_striker": "S Mandhana",
              "runs": {
                "batter": 1,
                "extras": 0,
                "total": 1
              }
            },
            {
              "batter": "S Mandhana",
              "bowler": "M Kapp",
              "non_striker": "DN Wyatt",
              "runs": {
                "batter": 0,
                "extras": 0,
                "total": 0
              }
            },
            {
              "batter": "S Mandhana",
              "bowler": "M Kapp",
              "non_striker": "DN Wyatt",
              "runs": {
                "batter": 0,
                "extras": 0,
                "total": 0
              }
            },
            {
              "batter": "S Mandhana",
              "bowler": "M Kapp",
              "extras": {
                "legbyes": 4
              },
              "non_striker": "DN Wyatt",
              "runs": {
                "batter": 0,
                "extras": 4,
                "total": 4
              }
            },
            {
              "batter": "S Mandhana",
              "bowler": "M Kapp",
              "non_striker": "DN Wyatt",
              "runs": {
                "batter": 4,
                "extras": 0,
                "total": 4
              }
            }
          ]
        },
        {
          "over": 3,
          "deliveries": [
            {
              "batter": "S Mandhana",
              "bowler": "MK Villiers",
              "non_striker": "DN Wyatt",
              "runs": {
                "batter": 0,
                "extras": 0,
                "total": 0
              }
            },
            {
              "batter": "S Mandhana",
              "bowler": "MK Villiers",
              "non_striker": "DN Wyatt",
              "runs": {
                "batter": 4,
                "extras": 0,
                "total": 4
              }
            },
            {
              "batter": "S Mandhana",
              "bowler": "MK Villiers",
              "non_striker": "DN Wyatt",
              "runs": {
                "batter": 0,
                "extras": 0,
                "total": 0
              }
            },
            {
              "batter": "S Mandhana",
              "bowler": "MK Villiers",
              "non_striker": "DN Wyatt",
              "runs": {
                "batter": 1,
                "extras": 0,
                "total": 1
              }
            },
            {
              "batter": "DN Wyatt",
              "bowler": "MK Villiers",
              "non_striker": "S Mandhana",
              "runs": {
                "batter": 1,
                "extras": 0,
                "total": 1
              }
            }
          ]
        },
        {
          "over": 4,
          "deliveries": [
            {
              "batter": "DN Wyatt",
              "bowler": "S Ismail",
              "non_striker": "S Mandhana",
              "runs": {
                "batter": 0,
                "extras": 0,
                "total": 0
              }
            },
            {
              "batter": "DN Wyatt",
              "bowler": "S Ismail",
              "non_striker": "S Mandhana",
              "runs": {
                "batter": 1,
                "extras": 0,
                "total": 1
              }
            },
            {
              "batter": "S Mandhana",
              "bowler": "S Ismail",
              "non_striker": "DN Wyatt",
              "runs": {
                "batter": 4,
                "extras": 0,
                "total": 4
              }
            },
            {
              "batter": "S Mandhana",
              "bowler": "S Ismail",
              "non_striker": "DN Wyatt",
              "runs": {
                "batter": 0,
                "extras": 0,
                "total": 0
              }
            },
            {
              "batter": "S Mandhana",
              "bowler": "S Ismail",
              "extras": {
                "noballs": 2
              },
              "non_striker": "DN Wyatt",
              "runs": {
                "batter": 0,
                "extras": 2,
                "total": 2
              }
            },
            {
              "batter": "S Mandhana",
              "bowler": "S Ismail",
              "non_striker": "DN Wyatt",
              "runs": {
                "batter": 1,
                "extras": 0,
                "total": 1
              }
            }
          ]
        },
        {
          "over": 5,
          "deliveries": [
            {
              "batter": "DN Wyatt",
              "bowler": "Sophia Smale",
              "non_striker": "S Mandhana",
              "runs": {
                "batter": 0,
                "extras": 0,
                "total": 0
              }
            },
            {
              "batter": "DN Wyatt",
              "bowler": "Sophia Smale",
              "non_striker": "S Mandhana",
              "runs": {
                "batter": 0,
                "extras": 0,
                "total": 0
              }
            },
            {
              "batter": "DN Wyatt",
              "bowler": "Sophia Smale",
              "non_striker": "S Mandhana",
              "runs": {
                "batter": 0,
                "extras": 0,
                "total": 0
              }
            },
            {
              "batter": "DN Wyatt",
              "bowler": "Sophia Smale",
              "non_striker": "S Mandhana",
              "runs": {
                "batter": 4,
                "extras": 0,
                "total": 4
              }
            },
            {
              "batter": "DN Wyatt",
              "bowler": "Sophia Smale",
              "non_striker": "S Mandhana",
              "runs": {
                "batter": 1,
                "extras": 0,
                "total": 1
              }
            }
          ]
        },
        {
          "over": 6,
          "deliveries": [
            {
              "batter": "DN Wyatt",
              "bowler": "MK Villiers",
              "non_striker": "S Mandhana",
              "runs": {
                "batter": 4,
                "extras": 0,
                "total": 4
              }
            },
            {
              "batter": "DN Wyatt",
              "bowler": "MK Villiers",
              "extras": {
                "legbyes": 1
              },
              "non_striker": "S Mandhana",
              "runs": {
                "batter": 0,
                "extras": 1,
                "total": 1
              }
            },
            {
              "batter": "S Mandhana",
              "bowler": "MK Villiers",
              "non_striker": "DN Wyatt",
              "runs": {
                "batter": 4,
                "extras": 0,
                "total": 4
              }
            },
            {
              "batter": "S Mandhana",
              "bowler": "MK Villiers",
              "non_striker": "DN Wyatt",
              "runs": {
                "batter": 4,
                "extras": 0,
                "total": 4
              }
            },
            {
              "batter": "S Mandhana",
              "bowler": "MK Villiers",
              "non_striker": "DN Wyatt",
              "runs": {
                "batter": 1,
                "extras": 0,
                "total": 1
              }
            }
          ]
        },
        {
          "over": 7,
          "deliveries": [
            {
              "batter": "DN Wyatt",
              "bowler": "Sophia Smale",
              "extras": {
                "wides": 1
              },
              "non_striker": "S Mandhana",
              "runs": {
                "batter": 0,
                "extras": 1,
                "total": 1
              }
            },
            {
              "batter": "DN Wyatt",
              "bowler": "Sophia Smale",
              "non_striker": "S Mandhana",
              "runs": {
                "batter": 0,
                "extras": 0,
                "total": 0
              }
            },
            {
              "batter": "DN Wyatt",
              "bowler": "Sophia Smale",
              "non_striker": "S Mandhana",
              "runs": {
                "batter": 0,
                "extras": 0,
                "total": 0
              },
              "wickets": [
                {
                  "player_out": "DN Wyatt",
                  "fielders": [
                    {
                      "name": "L Winfield"
                    }
                  ],
                  "kind": "stumped"
                }
              ]
            },
            {
              "batter": "SIR Dunkley",
              "bowler": "Sophia Smale",
              "non_striker": "S Mandhana",
              "runs": {
                "batter": 0,
                "extras": 0,
                "total": 0
              }
            },
            {
              "batter": "SIR Dunkley",
              "bowler": "Sophia Smale",
              "non_striker": "S Mandhana",
              "runs": {
                "batter": 1,
                "extras": 0,
                "total": 1
              }
            },
            {
              "batter": "S Mandhana",
              "bowler": "Sophia Smale",
              "non_striker": "SIR Dunkley",
              "runs": {
                "batter": 1,
                "extras": 0,
                "total": 1
              }
            }
          ]
        },
        {
          "over": 8,
          "deliveries": [
            {
              "batter": "S Mandhana",
              "bowler": "MK Villiers",
              "non_striker": "SIR Dunkley",
              "runs": {
                "batter": 4,
                "extras": 0,
                "total": 4
              }
            },
            {
              "batter": "S Mandhana",
              "bowler": "MK Villiers",
              "non_striker": "SIR Dunkley",
              "runs": {
                "batter": 0,
                "extras": 0,
                "total": 0
              },
              "wickets": [
                {
                  "player_out": "S Mandhana",
                  "fielders": [
                    {
                      "name": "L Winfield"
                    }
                  ],
                  "kind": "stumped"
                }
              ]
            },
            {
              "batter": "TM McGrath",
              "bowler": "MK Villiers",
              "non_striker": "SIR Dunkley",
              "runs": {
                "batter": 4,
                "extras": 0,
                "total": 4
              }
            },
            {
              "batter": "TM McGrath",
              "bowler": "MK Villiers",
              "non_striker": "SIR Dunkley",
              "runs": {
                "batter": 1,
                "extras": 0,
                "total": 1
              }
            },
            {
              "batter": "SIR Dunkley",
              "bowler": "MK Villiers",
              "non_striker": "TM McGrath",
              "runs": {
                "batter": 1,
                "extras": 0,
                "total": 1
              }
            }
          ]
        },
        {
          "over": 9,
          "deliveries": [
            {
              "batter": "TM McGrath",
              "bowler": "Sophia Smale",
              "non_striker": "SIR Dunkley",
              "runs": {
                "batter": 0,
                "extras": 0,
                "total": 0
              }
            },
            {
              "batter": "TM McGrath",
              "bowler": "Sophia Smale",
              "non_striker": "SIR Dunkley",
              "runs": {
                "batter": 0,
                "extras": 0,
                "total": 0
              }
            },
            {
              "batter": "TM McGrath",
              "bowler": "Sophia Smale",
              "non_striker": "SIR Dunkley",
              "runs": {
                "batter": 0,
                "extras": 0,
                "total": 0
              },
              "wickets": [
                {
                  "player_out": "TM McGrath",
                  "fielders": [
                    {
                      "name": "KE White"
                    }
                  ],
                  "kind": "caught"
                }
              ]
            },
            {
              "batter": "ME Bouchier",
              "bowler": "Sophia Smale",
              "non_striker": "SIR Dunkley",
              "runs": {
                "batter": 1,
                "extras": 0,
                "total": 1
              }
            },
            {
              "batter": "SIR Dunkley",
              "bowler": "Sophia Smale",
              "non_striker": "ME Bouchier",
              "runs": {
                "batter": 1,
                "extras": 0,
                "total": 1
              }
            }
          ]
        },
        {
          "over": 10,
          "deliveries": [
            {
              "batter": "SIR Dunkley",
              "bowler": "Sophia Smale",
              "non_striker": "ME Bouchier",
              "runs": {
                "batter": 0,
                "extras": 0,
                "total": 0
              }
            },
            {
              "batter": "SIR Dunkley",
              "bowler": "Sophia Smale",
              "non_striker": "ME Bouchier",
              "runs": {
                "batter": 0,
                "extras": 0,
                "total": 0
              }
            },
            {
              "batter": "SIR Dunkley",
              "bowler": "Sophia Smale",
              "non_striker": "ME Bouchier",
              "runs": {
                "batter": 1,
                "extras": 0,
                "total": 1
              }
            },
            {
              "batter": "ME Bouchier",
              "bowler": "Sophia Smale",
              "non_striker": "SIR Dunkley",
              "runs": {
                "batter": 1,
                "extras": 0,
                "total": 1
              }
            },
            {
              "batter": "SIR Dunkley",
              "bowler": "Sophia Smale",
              "non_striker": "ME Bouchier",
              "runs": {
                "batter": 0,
                "extras": 0,
                "total": 0
              }
            }
          ]
        },
        {
          "over": 11,
          "deliveries": [
            {
              "batter": "SIR Dunkley",
              "bowler": "S Ismail",
              "non_striker": "ME Bouchier",
              "runs": {
                "batter": 0,
                "extras": 0,
                "total": 0
              }
            },
            {
              "batter": "SIR Dunkley",
              "bowler": "S Ismail",
              "non_striker": "ME Bouchier",
              "runs": {
                "batter": 1,
                "extras": 0,
                "total": 1
              }
            },
            {
              "batter": "ME Bouchier",
              "bowler": "S Ismail",
              "non_striker": "SIR Dunkley",
              "runs": {
                "batter": 4,
                "extras": 0,
                "total": 4
              }
            },
            {
              "batter": "ME Bouchier",
              "bowler": "S Ismail",
              "extras": {
                "noballs": 2
              },
              "non_striker": "SIR Dunkley",
              "runs": {
                "batter": 1,
                "extras": 2,
                "total": 3
              }
            },
            {
              "batter": "SIR Dunkley",
              "bowler": "S Ismail",
              "non_striker": "ME Bouchier",
              "runs": {
                "batter": 0,
                "extras": 0,
                "total": 0
              }
            },
            {
              "batter": "SIR Dunkley",
              "bowler": "S Ismail",
              "non_striker": "ME Bouchier",
              "runs": {
                "batter": 0,
                "extras": 0,
                "total": 0
              }
            }
          ]
        },
        {
          "over": 12,
          "deliveries": [
            {
              "batter": "ME Bouchier",
              "bowler": "M Kapp",
              "non_striker": "SIR Dunkley",
              "runs": {
                "batter": 4,
                "extras": 0,
                "total": 4
              }
            },
            {
              "batter": "ME Bouchier",
              "bowler": "M Kapp",
              "non_striker": "SIR Dunkley",
              "runs": {
                "batter": 1,
                "extras": 0,
                "total": 1
              }
            },
            {
              "batter": "SIR Dunkley",
              "bowler": "M Kapp",
              "non_striker": "ME Bouchier",
              "runs": {
                "batter": 1,
                "extras": 0,
                "total": 1
              }
            },
            {
              "batter": "ME Bouchier",
              "bowler": "M Kapp",
              "non_striker": "SIR Dunkley",
              "runs": {
                "batter": 0,
                "extras": 0,
                "total": 0
              }
            },
            {
              "batter": "ME Bouchier",
              "bowler": "M Kapp",
              "non_striker": "SIR Dunkley",
              "runs": {
                "batter": 1,
                "extras": 0,
                "total": 1
              }
            }
          ]
        },
        {
          "over": 13,
          "deliveries": [
            {
              "batter": "SIR Dunkley",
              "bowler": "R MacDonald-Gay",
              "non_striker": "ME Bouchier",
              "runs": {
                "batter": 6,
                "extras": 0,
                "total": 6
              }
            },
            {
              "batter": "SIR Dunkley",
              "bowler": "R MacDonald-Gay",
              "non_striker": "ME Bouchier",
              "runs": {
                "batter": 1,
                "extras": 0,
                "total": 1
              }
            },
            {
              "batter": "ME Bouchier",
              "bowler": "R MacDonald-Gay",
              "non_striker": "SIR Dunkley",
              "runs": {
                "batter": 0,
                "extras": 0,
                "total": 0
              }
            },
            {
              "batter": "ME Bouchier",
              "bowler": "R MacDonald-Gay",
              "non_striker": "SIR Dunkley",
              "runs": {
                "batter": 0,
                "extras": 0,
                "total": 0
              },
              "wickets": [
                {
                  "player_out": "ME Bouchier",
                  "kind": "bowled"
                }
              ]
            },
            {
              "batter": "GL Adams",
              "bowler": "R MacDonald-Gay",
              "non_striker": "SIR Dunkley",
              "runs": {
                "batter": 1,
                "extras": 0,
                "total": 1
              }
            }
          ]
        },
        {
          "over": 14,
          "deliveries": [
            {
              "batter": "GL Adams",
              "bowler": "E Gray",
              "non_striker": "SIR Dunkley",
              "runs": {
                "batter": 1,
                "extras": 0,
                "total": 1
              }
            },
            {
              "batter": "SIR Dunkley",
              "bowler": "E Gray",
              "non_striker": "GL Adams",
              "runs": {
                "batter": 0,
                "extras": 0,
                "total": 0
              },
              "wickets": [
                {
                  "player_out": "SIR Dunkley",
                  "kind": "lbw"
                }
              ]
            },
            {
              "batter": "FG Kemp",
              "bowler": "E Gray",
              "non_striker": "GL Adams",
              "runs": {
                "batter": 1,
                "extras": 0,
                "total": 1
              }
            },
            {
              "batter": "GL Adams",
              "bowler": "E Gray",
              "non_striker": "FG Kemp",
              "runs": {
                "batter": 1,
                "extras": 0,
                "total": 1
              }
            },
            {
              "batter": "FG Kemp",
              "bowler": "E Gray",
              "non_striker": "GL Adams",
              "runs": {
                "batter": 1,
                "extras": 0,
                "total": 1
              }
            }
          ]
        },
        {
          "over": 15,
          "deliveries": [
            {
              "batter": "GL Adams",
              "bowler": "R MacDonald-Gay",
              "extras": {
                "legbyes": 2
              },
              "non_striker": "FG Kemp",
              "runs": {
                "batter": 0,
                "extras": 2,
                "total": 2
              }
            },
            {
              "batter": "GL Adams",
              "bowler": "R MacDonald-Gay",
              "non_striker": "FG Kemp",
              "runs": {
                "batter": 6,
                "extras": 0,
                "total": 6
              }
            },
            {
              "batter": "GL Adams",
              "bowler": "R MacDonald-Gay",
              "non_striker": "FG Kemp",
              "runs": {
                "batter": 1,
                "extras": 0,
                "total": 1
              }
            },
            {
              "batter": "FG Kemp",
              "bowler": "R MacDonald-Gay",
              "non_striker": "GL Adams",
              "runs": {
                "batter": 4,
                "extras": 0,
                "total": 4
              }
            },
            {
              "batter": "FG Kemp",
              "bowler": "R MacDonald-Gay",
              "non_striker": "GL Adams",
              "runs": {
                "batter": 1,
                "extras": 0,
                "total": 1
              }
            }
          ]
        },
        {
          "over": 16,
          "deliveries": [
            {
              "batter": "FG Kemp",
              "bowler": "MK Villiers",
              "non_striker": "GL Adams",
              "runs": {
                "batter": 1,
                "extras": 0,
                "total": 1
              }
            },
            {
              "batter": "GL Adams",
              "bowler": "MK Villiers",
              "non_striker": "FG Kemp",
              "runs": {
                "batter": 1,
                "extras": 0,
                "total": 1
              }
            },
            {
              "batter": "FG Kemp",
              "bowler": "MK Villiers",
              "non_striker": "GL Adams",
              "runs": {
                "batter": 1,
                "extras": 0,
                "total": 1
              }
            },
            {
              "batter": "GL Adams",
              "bowler": "MK Villiers",
              "non_striker": "FG Kemp",
              "runs": {
                "batter": 1,
                "extras": 0,
                "total": 1
              }
            },
            {
              "batter": "FG Kemp",
              "bowler": "MK Villiers",
              "non_striker": "GL Adams",
              "runs": {
                "batter": 2,
                "extras": 0,
                "total": 2
              }
            }
          ]
        },
        {
          "over": 17,
          "deliveries": [
            {
              "batter": "FG Kemp",
              "bowler": "S Ismail",
              "non_striker": "GL Adams",
              "runs": {
                "batter": 0,
                "extras": 0,
                "total": 0
              }
            },
            {
              "batter": "FG Kemp",
              "bowler": "S Ismail",
              "non_striker": "GL Adams",
              "runs": {
                "batter": 0,
                "extras": 0,
                "total": 0
              }
            },
            {
              "batter": "FG Kemp",
              "bowler": "S Ismail",
              "non_striker": "GL Adams",
              "runs": {
                "batter": 4,
                "extras": 0,
                "total": 4
              }
            },
            {
              "batter": "FG Kemp",
              "bowler": "S Ismail",
              "non_striker": "GL Adams",
              "runs": {
                "batter": 0,
                "extras": 0,
                "total": 0
              }
            },
            {
              "batter": "FG Kemp",
              "bowler": "S Ismail",
              "non_striker": "GL Adams",
              "runs": {
                "batter": 4,
                "extras": 0,
                "total": 4
              }
            }
          ]
        },
        {
          "over": 18,
          "deliveries": [
            {
              "batter": "GL Adams",
              "bowler": "E Gray",
              "extras": {
                "legbyes": 1
              },
              "non_striker": "FG Kemp",
              "runs": {
                "batter": 0,
                "extras": 1,
                "total": 1
              }
            },
            {
              "batter": "FG Kemp",
              "bowler": "E Gray",
              "non_striker": "GL Adams",
              "runs": {
                "batter": 4,
                "extras": 0,
                "total": 4
              }
            },
            {
              "batter": "FG Kemp",
              "bowler": "E Gray",
              "non_striker": "GL Adams",
              "runs": {
                "batter": 1,
                "extras": 0,
                "total": 1
              }
            },
            {
              "batter": "GL Adams",
              "bowler": "E Gray",
              "non_striker": "FG Kemp",
              "runs": {
                "batter": 1,
                "extras": 0,
                "total": 1
              }
            },
            {
              "batter": "FG Kemp",
              "bowler": "E Gray",
              "extras": {
                "legbyes": 1
              },
              "non_striker": "GL Adams",
              "runs": {
                "batter": 0,
                "extras": 1,
                "total": 1
              }
            }
          ]
        },
        {
          "over": 19,
          "deliveries": [
            {
              "batter": "GL Adams",
              "bowler": "M Kapp",
              "non_striker": "FG Kemp",
              "runs": {
                "batter": 4,
                "extras": 0,
                "total": 4
              }
            },
            {
              "batter": "GL Adams",
              "bowler": "M Kapp",
              "extras": {
                "wides": 2
              },
              "non_striker": "FG Kemp",
              "runs": {
                "batter": 0,
                "extras": 2,
                "total": 2
              }
            },
            {
              "batter": "FG Kemp",
              "bowler": "M Kapp",
              "non_striker": "GL Adams",
              "runs": {
                "batter": 0,
                "extras": 0,
                "total": 0
              },
              "wickets": [
                {
                  "player_out": "FG Kemp",
                  "fielders": [
                    {
                      "name": "S Ismail"
                    }
                  ],
                  "kind": "run out"
                }
              ]
            },
            {
              "batter": "GL Adams",
              "bowler": "M Kapp",
              "extras": {
                "wides": 3
              },
              "non_striker": "A Wellington",
              "runs": {
                "batter": 0,
                "extras": 3,
                "total": 3
              }
            },
            {
              "batter": "GL Adams",
              "bowler": "M Kapp",
              "non_striker": "A Wellington",
              "runs": {
                "batter": 0,
                "extras": 0,
                "total": 0
              }
            },
            {
              "batter": "GL Adams",
              "bowler": "M Kapp",
              "non_striker": "A Wellington",
              "runs": {
                "batter": 1,
                "extras": 0,
                "total": 1
              },
              "wickets": [
                {
                  "player_out": "GL Adams",
                  "fielders": [
                    {
                      "name": "L Winfield"
                    },
                    {
                      "name": "KM Chathli"
                    }
                  ],
                  "kind": "run out"
                }
              ]
            },
            {
              "batter": "LK Bell",
              "bowler": "M Kapp",
              "non_striker": "A Wellington",
              "runs": {
                "batter": 1,
                "extras": 0,
                "total": 1
              },
              "wickets": [
                {
                  "player_out": "LK Bell",
                  "fielders": [
                    {
                      "name": "L Winfield"
                    },
                    {
                      "name": "KM Chathli"
                    }
                  ],
                  "kind": "run out"
                }
              ]
            }
          ]
        }
      ],
      "powerplays": [
        {
          "from": 0.1,
          "to": 4.6,
          "type": "mandatory"
        }
      ]
    },
    {
      "team": "Oval Invincibles",
      "overs": [
        {
          "over": 0,
          "deliveries": [
            {
              "batter": "L Winfield",
              "bowler": "LK Bell",
              "non_striker": "SW Bates",
              "runs": {
                "batter": 4,
                "extras": 0,
                "total": 4
              }
            },
            {
              "batter": "L Winfield",
              "bowler": "LK Bell",
              "non_striker": "SW Bates",
              "runs": {
                "batter": 0,
                "extras": 0,
                "total": 0
              }
            },
            {
              "batter": "L Winfield",
              "bowler": "LK Bell",
              "non_striker": "SW Bates",
              "runs": {
                "batter": 0,
                "extras": 0,
                "total": 0
              }
            },
            {
              "batter": "L Winfield",
              "bowler": "LK Bell",
              "non_striker": "SW Bates",
              "runs": {
                "batter": 4,
                "extras": 0,
                "total": 4
              }
            },
            {
              "batter": "L Winfield",
              "bowler": "LK Bell",
              "extras": {
                "wides": 1
              },
              "non_striker": "SW Bates",
              "runs": {
                "batter": 0,
                "extras": 1,
                "total": 1
              }
            },
            {
              "batter": "L Winfield",
              "bowler": "LK Bell",
              "non_striker": "SW Bates",
              "runs": {
                "batter": 2,
                "extras": 0,
                "total": 2
              }
            }
          ]
        },
        {
          "over": 1,
          "deliveries": [
            {
              "batter": "L Winfield",
              "bowler": "A Shrubsole",
              "non_striker": "SW Bates",
              "runs": {
                "batter": 0,
                "extras": 0,
                "total": 0
              }
            },
            {
              "batter": "L Winfield",
              "bowler": "A Shrubsole",
              "non_striker": "SW Bates",
              "runs": {
                "batter": 1,
                "extras": 0,
                "total": 1
              }
            },
            {
              "batter": "SW Bates",
              "bowler": "A Shrubsole",
              "non_striker": "L Winfield",
              "runs": {
                "batter": 1,
                "extras": 0,
                "total": 1
              }
            },
            {
              "batter": "L Winfield",
              "bowler": "A Shrubsole",
              "non_striker": "SW Bates",
              "runs": {
                "batter": 4,
                "extras": 0,
                "total": 4
              }
            },
            {
              "batter": "L Winfield",
              "bowler": "A Shrubsole",
              "non_striker": "SW Bates",
              "runs": {
                "batter": 1,
                "extras": 0,
                "total": 1
              }
            }
          ]
        },
        {
          "over": 2,
          "deliveries": [
            {
              "batter": "L Winfield",
              "bowler": "GL Adams",
              "non_striker": "SW Bates",
              "runs": {
                "batter": 1,
                "extras": 0,
                "total": 1
              }
            },
            {
              "batter": "SW Bates",
              "bowler": "GL Adams",
              "non_striker": "L Winfield",
              "runs": {
                "batter": 1,
                "extras": 0,
                "total": 1
              }
            },
            {
              "batter": "L Winfield",
              "bowler": "GL Adams",
              "non_striker": "SW Bates",
              "runs": {
                "batter": 0,
                "extras": 0,
                "total": 0
              }
            },
            {
              "batter": "L Winfield",
              "bowler": "GL Adams",
              "non_striker": "SW Bates",
              "runs": {
                "batter": 1,
                "extras": 0,
                "total": 1
              }
            },
            {
              "batter": "SW Bates",
              "bowler": "GL Adams",
              "non_striker": "L Winfield",
              "runs": {
                "batter": 4,
                "extras": 0,
                "total": 4
              }
            }
          ]
        },
        {
          "over": 3,
          "deliveries": [
            {
              "batter": "SW Bates",
              "bowler": "A Shrubsole",
              "non_striker": "L Winfield",
              "runs": {
                "batter": 0,
                "extras": 0,
                "total": 0
              }
            },
            {
              "batter": "SW Bates",
              "bowler": "A Shrubsole",
              "non_striker": "L Winfield",
              "runs": {
                "batter": 4,
                "extras": 0,
                "total": 4
              }
            },
            {
              "batter": "SW Bates",
              "bowler": "A Shrubsole",
              "non_striker": "L Winfield",
              "runs": {
                "batter": 1,
                "extras": 0,
                "total": 1
              }
            },
            {
              "batter": "L Winfield",
              "bowler": "A Shrubsole",
              "non_striker": "SW Bates",
              "runs": {
                "batter": 0,
                "extras": 0,
                "total": 0
              }
            },
            {
              "batter": "L Winfield",
              "bowler": "A Shrubsole",
              "non_striker": "SW Bates",
              "runs": {
                "batter": 4,
                "extras": 0,
                "total": 4
              }
            }
          ]
        },
        {
          "over": 4,
          "deliveries": [
            {
              "batter": "SW Bates",
              "bowler": "LK Bell",
              "non_striker": "L Winfield",
              "runs": {
                "batter": 4,
                "extras": 0,
                "total": 4
              }
            },
            {
              "batter": "SW Bates",
              "bowler": "LK Bell",
              "non_striker": "L Winfield",
              "runs": {
                "batter": 0,
                "extras": 0,
                "total": 0
              },
              "wickets": [
                {
                  "player_out": "SW Bates",
                  "fielders": [
                    {
                      "name": "DN Wyatt"
                    }
                  ],
                  "kind": "caught"
                }
              ]
            },
            {
              "batter": "A Cranstone",
              "bowler": "LK Bell",
              "non_striker": "L Winfield",
              "runs": {
                "batter": 0,
                "extras": 0,
                "total": 0
              }
            },
            {
              "batter": "A Cranstone",
              "bowler": "LK Bell",
              "non_striker": "L Winfield",
              "runs": {
                "batter": 0,
                "extras": 0,
                "total": 0
              }
            },
            {
              "batter": "A Cranstone",
              "bowler": "LK Bell",
              "non_striker": "L Winfield",
              "runs": {
                "batter": 0,
                "extras": 0,
                "total": 0
              }
            }
          ]
        },
        {
          "over": 5,
          "deliveries": [
            {
              "batter": "A Cranstone",
              "bowler": "A Wellington",
              "extras": {
                "legbyes": 1
              },
              "non_striker": "L Winfield",
              "runs": {
                "batter": 0,
                "extras": 1,
                "total": 1
              }
            },
            {
              "batter": "L Winfield",
              "bowler": "A Wellington",
              "non_striker": "A Cranstone",
              "runs": {
                "batter": 1,
                "extras": 0,
                "total": 1
              }
            },
            {
              "batter": "A Cranstone",
              "bowler": "A Wellington",
              "non_striker": "L Winfield",
              "runs": {
                "batter": 0,
                "extras": 0,
                "total": 0
              }
            },
            {
              "batter": "A Cranstone",
              "bowler": "A Wellington",
              "non_striker": "L Winfield",
              "runs": {
                "batter": 1,
                "extras": 0,
                "total": 1
              }
            },
            {
              "batter": "L Winfield",
              "bowler": "A Wellington",
              "non_striker": "A Cranstone",
              "runs": {
                "batter": 1,
                "extras": 0,
                "total": 1
              }
            }
          ]
        },
        {
          "over": 6,
          "deliveries": [
            {
              "batter": "L Winfield",
              "bowler": "GL Adams",
              "non_striker": "A Cranstone",
              "runs": {
                "batter": 0,
                "extras": 0,
                "total": 0
              }
            },
            {
              "batter": "L Winfield",
              "bowler": "GL Adams",
              "non_striker": "A Cranstone",
              "runs": {
                "batter": 1,
                "extras": 0,
                "total": 1
              }
            },
            {
              "batter": "A Cranstone",
              "bowler": "GL Adams",
              "non_striker": "L Winfield",
              "runs": {
                "batter": 1,
                "extras": 0,
                "total": 1
              }
            },
            {
              "batter": "L Winfield",
              "bowler": "GL Adams",
              "non_striker": "A Cranstone",
              "runs": {
                "batter": 0,
                "extras": 0,
                "total": 0
              },
              "wickets": [
                {
                  "player_out": "L Winfield",
                  "kind": "bowled"
                }
              ]
            },
            {
              "batter": "M Kapp",
              "bowler": "GL Adams",
              "non_striker": "A Cranstone",
              "runs": {
                "batter": 0,
                "extras": 0,
                "total": 0
              }
            }
          ]
        },
        {
          "over": 7,
          "deliveries": [
            {
              "batter": "M Kapp",
              "bowler": "A Wellington",
              "non_striker": "A Cranstone",
              "runs": {
                "batter": 1,
                "extras": 0,
                "total": 1
              }
            },
            {
              "batter": "A Cranstone",
              "bowler": "A Wellington",
              "non_striker": "M Kapp",
              "runs": {
                "batter": 1,
                "extras": 0,
                "total": 1
              }
            },
            {
              "batter": "M Kapp",
              "bowler": "A Wellington",
              "non_striker": "A Cranstone",
              "runs": {
                "batter": 4,
                "extras": 0,
                "total": 4
              }
            },
            {
              "batter": "M Kapp",
              "bowler": "A Wellington",
              "non_striker": "A Cranstone",
              "runs": {
                "batter": 6,
                "extras": 0,
                "total": 6
              }
            },
            {
              "batter": "M Kapp",
              "bowler": "A Wellington",
              "non_striker": "A Cranstone",
              "runs": {
                "batter": 2,
                "extras": 0,
                "total": 2
              }
            }
          ]
        },
        {
          "over": 8,
          "deliveries": [
            {
              "batter": "A Cranstone",
              "bowler": "TM McGrath",
              "non_striker": "M Kapp",
              "runs": {
                "batter": 0,
                "extras": 0,
                "total": 0
              }
            },
            {
              "batter": "A Cranstone",
              "bowler": "TM McGrath",
              "non_striker": "M Kapp",
              "runs": {
                "batter": 1,
                "extras": 0,
                "total": 1
              }
            },
            {
              "batter": "M Kapp",
              "bowler": "TM McGrath",
              "non_striker": "A Cranstone",
              "runs": {
                "batter": 1,
                "extras": 0,
                "total": 1
              }
            },
            {
              "batter": "A Cranstone",
              "bowler": "TM McGrath",
              "non_striker": "M Kapp",
              "runs": {
                "batter": 1,
                "extras": 0,
                "total": 1
              }
            },
            {
              "batter": "M Kapp",
              "bowler": "TM McGrath",
              "non_striker": "A Cranstone",
              "runs": {
                "batter": 4,
                "extras": 0,
                "total": 4
              }
            }
          ]
        },
        {
          "over": 9,
          "deliveries": [
            {
              "batter": "M Kapp",
              "bowler": "GL Adams",
              "non_striker": "A Cranstone",
              "runs": {
                "batter": 1,
                "extras": 0,
                "total": 1
              }
            },
            {
              "batter": "A Cranstone",
              "bowler": "GL Adams",
              "extras": {
                "byes": 1
              },
              "non_striker": "M Kapp",
              "runs": {
                "batter": 0,
                "extras": 1,
                "total": 1
              }
            },
            {
              "batter": "M Kapp",
              "bowler": "GL Adams",
              "non_striker": "A Cranstone",
              "runs": {
                "batter": 0,
                "extras": 0,
                "total": 0
              },
              "wickets": [
                {
                  "player_out": "M Kapp",
                  "kind": "bowled"
                }
              ]
            },
            {
              "batter": "MK Villiers",
              "bowler": "GL Adams",
              "non_striker": "A Cranstone",
              "runs": {
                "batter": 0,
                "extras": 0,
                "total": 0
              }
            },
            {
              "batter": "MK Villiers",
              "bowler": "GL Adams",
              "non_striker": "A Cranstone",
              "runs": {
                "batter": 1,
                "extras": 0,
                "total": 1
              }
            }
          ]
        },
        {
          "over": 10,
          "deliveries": [
            {
              "batter": "MK Villiers",
              "bowler": "LK Bell",
              "non_striker": "A Cranstone",
              "runs": {
                "batter": 0,
                "extras": 0,
                "total": 0
              }
            },
            {
              "batter": "MK Villiers",
              "bowler": "LK Bell",
              "non_striker": "A Cranstone",
              "runs": {
                "batter": 0,
                "extras": 0,
                "total": 0
              }
            },
            {
              "batter": "MK Villiers",
              "bowler": "LK Bell",
              "non_striker": "A Cranstone",
              "runs": {
                "batter": 4,
                "extras": 0,
                "total": 4
              }
            },
            {
              "batter": "MK Villiers",
              "bowler": "LK Bell",
              "extras": {
                "noballs": 2
              },
              "non_striker": "A Cranstone",
              "runs": {
                "batter": 0,
                "extras": 2,
                "total": 2
              }
            },
            {
              "batter": "MK Villiers",
              "bowler": "LK Bell",
              "non_striker": "A Cranstone",
              "runs": {
                "batter": 1,
                "extras": 0,
                "total": 1
              }
            },
            {
              "batter": "A Cranstone",
              "bowler": "LK Bell",
              "non_striker": "MK Villiers",
              "runs": {
                "batter": 0,
                "extras": 0,
                "total": 0
              }
            }
          ]
        },
        {
          "over": 11,
          "deliveries": [
            {
              "batter": "A Cranstone",
              "bowler": "A Wellington",
              "non_striker": "MK Villiers",
              "runs": {
                "batter": 1,
                "extras": 0,
                "total": 1
              }
            },
            {
              "batter": "MK Villiers",
              "bowler": "A Wellington",
              "non_striker": "A Cranstone",
              "runs": {
                "batter": 0,
                "extras": 0,
                "total": 0
              }
            },
            {
              "batter": "MK Villiers",
              "bowler": "A Wellington",
              "non_striker": "A Cranstone",
              "runs": {
                "batter": 0,
                "extras": 0,
                "total": 0
              },
              "wickets": [
                {
                  "player_out": "MK Villiers",
                  "kind": "bowled"
                }
              ]
            },
            {
              "batter": "KM Chathli",
              "bowler": "A Wellington",
              "non_striker": "A Cranstone",
              "runs": {
                "batter": 0,
                "extras": 0,
                "total": 0
              }
            },
            {
              "batter": "KM Chathli",
              "bowler": "A Wellington",
              "non_striker": "A Cranstone",
              "runs": {
                "batter": 0,
                "extras": 0,
                "total": 0
              }
            }
          ]
        },
        {
          "over": 12,
          "deliveries": [
            {
              "batter": "A Cranstone",
              "bowler": "GL Adams",
              "non_striker": "KM Chathli",
              "runs": {
                "batter": 1,
                "extras": 0,
                "total": 1
              }
            },
            {
              "batter": "KM Chathli",
              "bowler": "GL Adams",
              "non_striker": "A Cranstone",
              "runs": {
                "batter": 0,
                "extras": 0,
                "total": 0
              }
            },
            {
              "batter": "KM Chathli",
              "bowler": "GL Adams",
              "non_striker": "A Cranstone",
              "runs": {
                "batter": 1,
                "extras": 0,
                "total": 1
              }
            },
            {
              "batter": "A Cranstone",
              "bowler": "GL Adams",
              "non_striker": "KM Chathli",
              "runs": {
                "batter": 1,
                "extras": 0,
                "total": 1
              }
            },
            {
              "batter": "KM Chathli",
              "bowler": "GL Adams",
              "non_striker": "A Cranstone",
              "runs": {
                "batter": 2,
                "extras": 0,
                "total": 2
              }
            }
          ]
        },
        {
          "over": 13,
          "deliveries": [
            {
              "batter": "KM Chathli",
              "bowler": "DN Wyatt",
              "non_striker": "A Cranstone",
              "runs": {
                "batter": 0,
                "extras": 0,
                "total": 0
              },
              "wickets": [
                {
                  "player_out": "KM Chathli",
                  "fielders": [
                    {
                      "name": "ME Bouchier"
                    }
                  ],
                  "kind": "caught"
                }
              ]
            },
            {
              "batter": "KE White",
              "bowler": "DN Wyatt",
              "non_striker": "A Cranstone",
              "runs": {
                "batter": 1,
                "extras": 0,
                "total": 1
              }
            },
            {
              "batter": "A Cranstone",
              "bowler": "DN Wyatt",
              "extras": {
                "noballs": 2
              },
              "non_striker": "KE White",
              "runs": {
                "batter": 4,
                "extras": 2,
                "total": 6
              }
            },
            {
              "batter": "A Cranstone",
              "bowler": "DN Wyatt",
              "non_striker": "KE White",
              "runs": {
                "batter": 1,
                "extras": 0,
                "total": 1
              }
            },
            {
              "batter": "KE White",
              "bowler": "DN Wyatt",
              "non_striker": "A Cranstone",
              "runs": {
                "batter": 1,
                "extras": 0,
                "total": 1
              }
            },
            {
              "batter": "A Cranstone",
              "bowler": "DN Wyatt",
              "non_striker": "KE White",
              "runs": {
                "batter": 4,
                "extras": 0,
                "total": 4
              }
            }
          ]
        },
        {
          "over": 14,
          "deliveries": [
            {
              "batter": "KE White",
              "bowler": "SIR Dunkley",
              "non_striker": "A Cranstone",
              "runs": {
                "batter": 1,
                "extras": 0,
                "total": 1
              }
            },
            {
              "batter": "A Cranstone",
              "bowler": "SIR Dunkley",
              "non_striker": "KE White",
              "runs": {
                "batter": 1,
                "extras": 0,
                "total": 1
              }
            },
            {
              "batter": "KE White",
              "bowler": "SIR Dunkley",
              "non_striker": "A Cranstone",
              "runs": {
                "batter": 6,
                "extras": 0,
                "total": 6
              }
            },
            {
              "batter": "KE White",
              "bowler": "SIR Dunkley",
              "non_striker": "A Cranstone",
              "runs": {
                "batter": 0,
                "extras": 0,
                "total": 0
              }
            },
            {
              "batter": "KE White",
              "bowler": "SIR Dunkley",
              "non_striker": "A Cranstone",
              "runs": {
                "batter": 0,
                "extras": 0,
                "total": 0
              },
              "wickets": [
                {
                  "player_out": "KE White",
                  "fielders": [
                    {
                      "name": "S Mandhana"
                    }
                  ],
                  "kind": "caught"
                }
              ]
            }
          ]
        },
        {
          "over": 15,
          "deliveries": [
            {
              "batter": "E Gray",
              "bowler": "DN Wyatt",
              "non_striker": "A Cranstone",
              "runs": {
                "batter": 0,
                "extras": 0,
                "total": 0
              }
            },
            {
              "batter": "E Gray",
              "bowler": "DN Wyatt",
              "extras": {
                "legbyes": 1
              },
              "non_striker": "A Cranstone",
              "runs": {
                "batter": 0,
                "extras": 1,
                "total": 1
              }
            },
            {
              "batter": "A Cranstone",
              "bowler": "DN Wyatt",
              "non_striker": "E Gray",
              "runs": {
                "batter": 0,
                "extras": 0,
                "total": 0
              },
              "wickets": [
                {
                  "player_out": "A Cranstone",
                  "kind": "lbw"
                }
              ]
            },
            {
              "batter": "R MacDonald-Gay",
              "bowler": "DN Wyatt",
              "non_striker": "E Gray",
              "runs": {
                "batter": 1,
                "extras": 0,
                "total": 1
              }
            },
            {
              "batter": "E Gray",
              "bowler": "DN Wyatt",
              "non_striker": "R MacDonald-Gay",
              "runs": {
                "batter": 2,
                "extras": 0,
                "total": 2
              }
            }
          ]
        },
        {
          "over": 16,
          "deliveries": [
            {
              "batter": "R MacDonald-Gay",
              "bowler": "A Wellington",
              "extras": {
                "wides": 1
              },
              "non_striker": "E Gray",
              "runs": {
                "batter": 0,
                "extras": 1,
                "total": 1
              }
            },
            {
              "batter": "R MacDonald-Gay",
              "bowler": "A Wellington",
              "non_striker": "E Gray",
              "runs": {
                "batter": 1,
                "extras": 0,
                "total": 1
              }
            },
            {
              "batter": "E Gray",
              "bowler": "A Wellington",
              "non_striker": "R MacDonald-Gay",
              "runs": {
                "batter": 1,
                "extras": 0,
                "total": 1
              }
            },
            {
              "batter": "R MacDonald-Gay",
              "bowler": "A Wellington",
              "non_striker": "E Gray",
              "runs": {
                "batter": 6,
                "extras": 0,
                "total": 6
              }
            },
            {
              "batter": "R MacDonald-Gay",
              "bowler": "A Wellington",
              "non_striker": "E Gray",
              "runs": {
                "batter": 0,
                "extras": 0,
                "total": 0
              }
            },
            {
              "batter": "R MacDonald-Gay",
              "bowler": "A Wellington",
              "non_striker": "E Gray",
              "runs": {
                "batter": 6,
                "extras": 0,
                "total": 6
              }
            }
          ]
        },
        {
          "over": 17,
          "deliveries": [
            {
              "batter": "R MacDonald-Gay",
              "bowler": "A Shrubsole",
              "non_striker": "E Gray",
              "runs": {
                "batter": 1,
                "extras": 0,
                "total": 1
              }
            },
            {
              "batter": "E Gray",
              "bowler": "A Shrubsole",
              "extras": {
                "noballs": 2
              },
              "non_striker": "R MacDonald-Gay",
              "runs": {
                "batter": 0,
                "extras": 2,
                "total": 2
              }
            },
            {
              "batter": "E Gray",
              "bowler": "A Shrubsole",
              "non_striker": "R MacDonald-Gay",
              "runs": {
                "batter": 1,
                "extras": 0,
                "total": 1
              }
            },
            {
              "batter": "R MacDonald-Gay",
              "bowler": "A Shrubsole",
              "non_striker": "E Gray",
              "runs": {
                "batter": 1,
                "extras": 0,
                "total": 1
              }
            },
            {
              "batter": "E Gray",
              "bowler": "A Shrubsole",
              "non_striker": "R MacDonald-Gay",
              "runs": {
                "batter": 1,
                "extras": 0,
                "total": 1
              }
            },
            {
              "batter": "R MacDonald-Gay",
              "bowler": "A Shrubsole",
              "non_striker": "E Gray",
              "runs": {
                "batter": 0,
                "extras": 0,
                "total": 0
              }
            }
          ]
        },
        {
          "over": 18,
          "deliveries": [
            {
              "batter": "E Gray",
              "bowler": "LK Bell",
              "non_striker": "R MacDonald-Gay",
              "runs": {
                "batter": 2,
                "extras": 0,
                "total": 2
              }
            },
            {
              "batter": "E Gray",
              "bowler": "LK Bell",
              "non_striker": "R MacDonald-Gay",
              "runs": {
                "batter": 1,
                "extras": 0,
                "total": 1
              }
            },
            {
              "batter": "R MacDonald-Gay",
              "bowler": "LK Bell",
              "non_striker": "E Gray",
              "runs": {
                "batter": 0,
                "extras": 0,
                "total": 0
              }
            },
            {
              "batter": "R MacDonald-Gay",
              "bowler": "LK Bell",
              "non_striker": "E Gray",
              "runs": {
                "batter": 1,
                "extras": 0,
                "total": 1
              }
            },
            {
              "batter": "E Gray",
              "bowler": "LK Bell",
              "non_striker": "R MacDonald-Gay",
              "runs": {
                "batter": 1,
                "extras": 0,
                "total": 1
              }
            }
          ]
        },
        {
          "over": 19,
          "deliveries": [
            {
              "batter": "R MacDonald-Gay",
              "bowler": "TM McGrath",
              "non_striker": "E Gray",
              "runs": {
                "batter": 1,
                "extras": 0,
                "total": 1
              }
            },
            {
              "batter": "E Gray",
              "bowler": "TM McGrath",
              "non_striker": "R MacDonald-Gay",
              "runs": {
                "batter": 1,
                "extras": 0,
                "total": 1
              }
            },
            {
              "batter": "R MacDonald-Gay",
              "bowler": "TM McGrath",
              "non_striker": "E Gray",
              "runs": {
                "batter": 0,
                "extras": 0,
                "total": 0
              }
            },
            {
              "batter": "R MacDonald-Gay",
              "bowler": "TM McGrath",
              "non_striker": "E Gray",
              "runs": {
                "batter": 1,
                "extras": 0,
                "total": 1
              }
            },
            {
              "batter": "E Gray",
              "bowler": "TM McGrath",
              "non_striker": "R MacDonald-Gay",
              "runs": {
                "batter": 6,
                "extras": 0,
                "total": 6
              }
            }
          ]
        }
      ],
      "powerplays": [
        {
          "from": 0.1,
          "to": 4.5,
          "type": "mandatory"
        }
      ],
      "target": {
        "overs": 20,
        "runs": 154
      }
    }
  ]
}