{
  "meta": {
    "data_version": "1.1.0",
    "created": "2022-08-05",
    "revision": 1
  },
  "info": {
    "balls_per_over": 5,
    "city": "London",
    "dates": [
      "2022-08-04"
    ],
    "event": {
      "name": "The Hundred Men's Competition",
      "match_number": 2
    },
    "gender": "male",
    "match_type": "T20",
    "officials": {
      "match_referees": [
        "PM Such"
      ],
      "reserve_umpires": [
        "Tom Lungley"
      ],
      "tv_umpires": [
        "NJ Llong"
      ],
      "umpires": [
        "DJ Millns",
        "NGB Cook"
      ]
    },
    "outcome": {
      "winner": "London Spirit",
      "by": {
        "runs": 3
      }
    },
    "overs": 20,
    "player_of_match": [
      "NT Ellis"
    ],
    "players": {
      "London Spirit": [
        "Z Crawley",
        "AM Rossington",
        "GJ Maxwell",
        "DW Lawrence",
        "EJG Morgan",
        "KA Pollard",
        "JA Thompson",
        "LA Dawson",
        "CP Wood",
        "NT Ellis",
        "MS Crane"
      ],
      "Oval Invincibles": [
        "JJ Roy",
        "WG Jacks",
        "SM Curran",
        "SW Billings",
        "JM Cox",
        "HWR Cartwright",
        "TK Curran",
        "SP Narine",
        "DR Briggs",
        "RJW Topley",
        "Mohammad Hasnain"
      ]
    },
    "registry": {
      "people": {
        "AM Rossington": "7bcde3fe",
        "CP Wood": "1cfac535",
        "DJ Millns": "46ecfe40",
        "DR Briggs": "f3abd0c9",
        "DW Lawrence": "4b685e2d",
        "EJG Morgan": "d2a6c0e6",
        "GJ Maxwell": "b681e71e",
        "HWR Cartwright": "ab965cad",
        "JA Thompson": "1d2f290a",
        "JJ Roy": "d1c36f5c",
        "JM Cox": "ff154ecd",
        "KA Pollard": "a757b0d8",
        "LA Dawson": "4a461c24",
        "MS Crane": "f0a0204e",
        "Mohammad Hasnain": "8596fe80",
        "NGB Cook": "772fe461",
        "NJ Llong": "573fb985",
        "NT Ellis": "9eb1455b",
        "PM Such": "c9f1892c",
        "RJW Topley": "8db7f47f",
        "SM Curran": "e94915e6",
        "SP Narine": "9d430b40",
        "SW Billings": "c16d4035",
        "TK Curran": "e86754b2",
        "Tom Lungley": "75169b8c",
        "WG Jacks": "9caf69a1",
        "Z Crawley": "922e1b19"
      }
    },
    "season": "2022",
    "team_type": "club",
    "teams": [
      "London Spirit",
      "Oval Invincibles"
    ],
    "toss": {
      "decision": "field",
      "winner": "Oval Invincibles"
    },
    "venue": "Kennington Oval, London"
  },
  "innings": [
    {
      "team": "London Spirit",
      "overs": [
        {
          "over": 0,
          "deliveries": [
            {
              "batter": "Z Crawley",
              "bowler": "RJW Topley",
              "non_striker": "AM Rossington",
              "runs": {
                "batter": 0,
                "extras": 0,
                "total": 0
              }
            },
            {
              "batter": "Z Crawley",
              "bowler": "RJW Topley",
              "non_striker": "AM Rossington",
              "runs": {
                "batter": 1,
                "extras": 0,
                "total": 1
              }
            },
            {
              "batter": "AM Rossington",
              "bowler": "RJW Topley",
              "non_striker": "Z Crawley",
              "runs": {
                "batter": 1,
                "extras": 0,
                "total": 1
              }
            },
            {
              "batter": "Z Crawley",
              "bowler": "RJW Topley",
              "non_striker": "AM Rossington",
              "runs": {
                "batter": 4,
                "extras": 0,
                "total": 4
              }
            },
            {
              "batter": "Z Crawley",
              "bowler": "RJW Topley",
              "non_striker": "AM Rossington",
              "runs": {
                "batter": 4,
                "extras": 0,
                "total": 4
              }
            }
          ]
        },
        {
          "over": 1,
          "deliveries": [
            {
              "batter": "Z Crawley",
              "bowler": "DR Briggs",
              "non_striker": "AM Rossington",
              "runs": {
                "batter": 1,
                "extras": 0,
                "total": 1
              }
            },
            {
              "batter": "AM Rossington",
              "bowler": "DR Briggs",
              "non_striker": "Z Crawley",
              "runs": {
                "batter": 0,
                "extras": 0,
                "total": 0
              }
            },
            {
              "batter": "AM Rossington",
              "bowler": "DR Briggs",
              "non_striker": "Z Crawley",
              "runs": {
                "batter": 1,
                "extras": 0,
                "total": 1
              }
            },
            {
              "batter": "Z Crawley",
              "bowler": "DR Briggs",
              "non_striker": "AM Rossington",
              "runs": {
                "batter": 4,
                "extras": 0,
                "total": 4
              }
            },
            {
              "batter": "Z Crawley",
              "bowler": "DR Briggs",
              "non_striker": "AM Rossington",
              "runs": {
                "batter": 4,
                "extras": 0,
                "total": 4
              }
            }
          ]
        },
        {
          "over": 2,
          "deliveries": [
            {
              "batter": "AM Rossington",
              "bowler": "Mohammad Hasnain",
              "non_striker": "Z Crawley",
              "runs": {
                "batter": 6,
                "extras": 0,
                "total": 6
              }
            },
            {
              "batter": "AM Rossington",
              "bowler": "Mohammad Hasnain",
              "non_striker": "Z Crawley",
              "runs": {
                "batter": 0,
                "extras": 0,
                "total": 0
              }
            },
            {
              "batter": "AM Rossington",
              "bowler": "Mohammad Hasnain",
              "non_striker": "Z Crawley",
              "runs": {
                "batter": 6,
                "extras": 0,
                "total": 6
              }
            },
            {
              "batter": "AM Rossington",
              "bowler": "Mohammad Hasnain",
              "non_striker": "Z Crawley",
              "runs": {
                "batter": 0,
                "extras": 0,
                "total": 0
              }
            },
            {
              "batter": "AM Rossington",
              "bowler": "Mohammad Hasnain",
              "non_striker": "Z Crawley",
              "runs": {
                "batter": 0,
                "extras": 0,
                "total": 0
              },
              "wickets": [
                {
                  "player_out": "AM Rossington",
                  "fielders": [
                    {
                      "name": "HWR Cartwright"
                    }
                  ],
                  "kind": "caught"
                }
              ]
            }
          ]
        },
        {
          "over": 3,
          "deliveries": [
            {
              "batter": "GJ Maxwell",
              "bowler": "TK Curran",
              "non_striker": "Z Crawley",
              "runs": {
                "batter": 0,
                "extras": 0,
                "total": 0
              }
            },
            {
              "batter": "GJ Maxwell",
              "bowler": "TK Curran",
              "non_striker": "Z Crawley",
              "runs": {
                "batter": 0,
                "extras": 0,
                "total": 0
              }
            },
            {
              "batter": "GJ Maxwell",
              "bowler": "TK Curran",
              "non_striker": "Z Crawley",
              "runs": {
                "batter": 1,
                "extras": 0,
                "total": 1
              }
            },
            {
              "batter": "Z Crawley",
              "bowler": "TK Curran",
              "non_striker": "GJ Maxwell",
              "runs": {
                "batter": 1,
                "extras": 0,
                "total": 1
              }
            },
            {
              "batter": "GJ Maxwell",
              "bowler": "TK Curran",
              "non_striker": "Z Crawley",
              "runs": {
                "batter": 1,
                "extras": 0,
                "total": 1
              }
            }
          ]
        },
        {
          "over": 4,
          "deliveries": [
            {
              "batter": "GJ Maxwell",
              "bowler": "SM Curran",
              "non_striker": "Z Crawley",
              "runs": {
                "batter": 1,
                "extras": 0,
                "total": 1
              }
            },
            {
              "batter": "Z Crawley",
              "bowler": "SM Curran",
              "non_striker": "GJ Maxwell",
              "runs": {
                "batter": 1,
                "extras": 0,
                "total": 1
              }
            },
            {
              "batter": "GJ Maxwell",
              "bowler": "SM Curran",
              "non_striker": "Z Crawley",
              "runs": {
                "batter": 0,
                "extras": 0,
                "total": 0
              }
            },
            {
              "batter": "GJ Maxwell",
              "bowler": "SM Curran",
              "non_striker": "Z Crawley",
              "runs": {
                "batter": 0,
                "extras": 0,
                "total": 0
              }
            },
            {
              "batter": "GJ Maxwell",
              "bowler": "SM Curran",
              "non_striker": "Z Crawley",
              "runs": {
                "batter": 4,
                "extras": 0,
                "total": 4
              }
            }
          ]
        },
        {
          "over": 5,
          "deliveries": [
            {
              "batter": "GJ Maxwell",
              "bowler": "SP Narine",
              "non_striker": "Z Crawley",
              "runs": {
                "batter": 0,
                "extras": 0,
                "total": 0
              }
            },
            {
              "batter": "GJ Maxwell",
              "bowler": "SP Narine",
              "non_striker": "Z Crawley",
              "runs": {
                "batter": 1,
                "extras": 0,
                "total": 1
              }
            },
            {
              "batter": "Z Crawley",
              "bowler": "SP Narine",
              "non_striker": "GJ Maxwell",
              "runs": {
                "batter": 1,
                "extras": 0,
                "total": 1
              }
            },
            {
              "batter": "GJ Maxwell",
              "bowler": "SP Narine",
              "extras": {
                "wides": 1
              },
              "non_striker": "Z Crawley",
              "runs": {
                "batter": 0,
                "extras": 1,
                "total": 1
              }
            },
            {
              "batter": "GJ Maxwell",
              "bowler": "SP Narine",
              "non_striker": "Z Crawley",
              "runs": {
                "batter": 2,
                "extras": 0,
                "total": 2
              }
            },
            {
              "batter": "GJ Maxwell",
              "bowler": "SP Narine",
              "non_striker": "Z Crawley",
              "runs": {
                "batter": 4,
                "extras": 0,
                "total": 4
              }
            }
          ]
        },
        {
          "over": 6,
          "deliveries": [
            {
              "batter": "Z Crawley",
              "bowler": "Mohammad Hasnain",
              "non_striker": "GJ Maxwell",
              "runs": {
                "batter": 0,
                "extras": 0,
                "total": 0
              },
              "wickets": [
                {
                  "player_out": "Z Crawley",
                  "fielders": [
                    {
                      "name": "SW Billings"
                    }
                  ],
                  "kind": "caught"
                }
              ]
            },
            {
              "batter": "DW Lawrence",
              "bowler": "Mohammad Hasnain",
              "non_striker": "GJ Maxwell",
              "runs": {
                "batter": 1,
                "extras": 0,
                "total": 1
              }
            },
            {
              "batter": "GJ Maxwell",
              "bowler": "Mohammad Hasnain",
              "non_striker": "DW Lawrence",
              "runs": {
                "batter": 0,
                "extras": 0,
                "total": 0
              }
            },
            {
              "batter": "GJ Maxwell",
              "bowler": "Mohammad Hasnain",
              "non_striker": "DW Lawrence",
              "runs": {
                "batter": 4,
                "extras": 0,
                "total": 4
              }
            },
            {
              "batter": "GJ Maxwell",
              "bowler": "Mohammad Hasnain",
              "non_striker": "DW Lawrence",
              "runs": {
                "batter": 0,
                "extras": 0,
                "total": 0
              }
            }
          ]
        },
        {
          "over": 7,
          "deliveries": [
            {
              "batter": "GJ Maxwell",
              "bowler": "SP Narine",
              "non_striker": "DW Lawrence",
              "runs": {
                "batter": 0,
                "extras": 0,
                "total": 0
              },
              "wickets": [
                {
                  "player_out": "GJ Maxwell",
                  "fielders": [
                    {
                      "name": "JM Cox"
                    }
                  ],
                  "kind": "caught"
                }
              ]
            },
            {
              "batter": "EJG Morgan",
              "bowler": "SP Narine",
              "non_striker": "DW Lawrence",
              "runs": {
                "batter": 0,
                "extras": 0,
                "total": 0
              }
            },
            {
              "batter": "EJG Morgan",
              "bowler": "SP Narine",
              "non_striker": "DW Lawrence",
              "runs": {
                "batter": 0,
                "extras": 0,
                "total": 0
              }
            },
            {
              "batter": "EJG Morgan",
              "bowler": "SP Narine",
              "non_striker": "DW Lawrence",
              "runs": {
                "batter": 1,
                "extras": 0,
                "total": 1
              }
            },
            {
              "batter": "DW Lawrence",
              "bowler": "SP Narine",
              "non_striker": "EJG Morgan",
              "runs": {
                "batter": 0,
                "extras": 0,
                "total": 0
              }
            }
          ]
        },
        {
          "over": 8,
          "deliveries": [
            {
              "batter": "EJG Morgan",
              "bowler": "RJW Topley",
              "non_striker": "DW Lawrence",
              "runs": {
                "batter": 4,
                "extras": 0,
                "total": 4
              }
            },
            {
              "batter": "EJG Morgan",
              "bowler": "RJW Topley",
              "non_striker": "DW Lawrence",
              "runs": {
                "batter": 1,
                "extras": 0,
                "total": 1
              }
            },
            {
              "batter": "DW Lawrence",
              "bowler": "RJW Topley",
              "non_striker": "EJG Morgan",
              "runs": {
                "batter": 4,
                "extras": 0,
                "total": 4
              }
            },
            {
              "batter": "DW Lawrence",
              "bowler": "RJW Topley",
              "non_striker": "EJG Morgan",
              "runs": {
                "batter": 0,
                "extras": 0,
                "total": 0
              }
            },
            {
              "batter": "DW Lawrence",
              "bowler": "RJW Topley",
              "non_striker": "EJG Morgan",
              "runs": {
                "batter": 0,
                "extras": 0,
                "total": 0
              }
            }
          ]
        },
        {
          "over": 9,
          "deliveries": [
            {
              "batter": "DW Lawrence",
              "bowler": "TK Curran",
              "non_striker": "EJG Morgan",
              "runs": {
                "batter": 2,
                "extras": 0,
                "total": 2
              }
            },
            {
              "batter": "DW Lawrence",
              "bowler": "TK Curran",
              "non_striker": "EJG Morgan",
              "runs": {
                "batter": 4,
                "extras": 0,
                "total": 4
              }
            },
            {
              "batter": "DW Lawrence",
              "bowler": "TK Curran",
              "non_striker": "EJG Morgan",
              "runs": {
                "batter": 2,
                "extras": 0,
                "total": 2
              }
            },
            {
              "batter": "DW Lawrence",
              "bowler": "TK Curran",
              "extras": {
                "byes": 1
              },
              "non_striker": "EJG Morgan",
              "runs": {
                "batter": 0,
                "extras": 1,
                "total": 1
              }
            },
            {
              "batter": "EJG Morgan",
              "bowler": "TK Curran",
              "non_striker": "DW Lawrence",
              "runs": {
                "batter": 0,
                "extras": 0,
                "total": 0
              }
            }
          ]
        },
        {
          "over": 10,
          "deliveries": [
            {
              "batter": "DW Lawrence",
              "bowler": "SP Narine",
              "non_striker": "EJG Morgan",
              "runs": {
                "batter": 2,
                "extras": 0,
                "total": 2
              }
            },
            {
              "batter": "DW Lawrence",
              "bowler": "SP Narine",
              "non_striker": "EJG Morgan",
              "runs": {
                "batter": 0,
                "extras": 0,
                "total": 0
              }
            },
            {
              "batter": "DW Lawrence",
              "bowler": "SP Narine",
              "non_striker": "EJG Morgan",
              "runs": {
                "batter": 0,
                "extras": 0,
                "total": 0
              }
            },
            {
              "batter": "DW Lawrence",
              "bowler": "SP Narine",
              "non_striker": "EJG Morgan",
              "runs": {
                "batter": 1,
                "extras": 0,
                "total": 1
              }
            },
            {
              "batter": "EJG Morgan",
              "bowler": "SP Narine",
              "non_striker": "DW Lawrence",
              "runs": {
                "batter": 1,
                "extras": 0,
                "total": 1
              }
            }
          ]
        },
        {
          "over": 11,
          "deliveries": [
            {
              "batter": "DW Lawrence",
              "bowler": "SM Curran",
              "non_striker": "EJG Morgan",
              "runs": {
                "batter": 0,
                "extras": 0,
                "total": 0
              }
            },
            {
              "batter": "DW Lawrence",
              "bowler": "SM Curran",
              "non_striker": "EJG Morgan",
              "runs": {
                "batter": 2,
                "extras": 0,
                "total": 2
              }
            },
            {
              "batter": "DW Lawrence",
              "bowler": "SM Curran",
              "non_striker": "EJG Morgan",
              "runs": {
                "batter": 1,
                "extras": 0,
                "total": 1
              }
            },
            {
              "batter": "EJG Morgan",
              "bowler": "SM Curran",
              "non_striker": "DW Lawrence",
              "runs": {
                "batter": 0,
                "extras": 0,
                "total": 0
              }
            },
            {
              "batter": "EJG Morgan",
              "bowler": "SM Curran",
              "non_striker": "DW Lawrence",
              "runs": {
                "batter": 0,
                "extras": 0,
                "total": 0
              }
            }
          ]
        },
        {
          "over": 12,
          "deliveries": [
            {
              "batter": "DW Lawrence",
              "bowler": "TK Curran",
              "non_striker": "EJG Morgan",
              "runs": {
                "batter": 1,
                "extras": 0,
                "total": 1
              }
            },
            {
              "batter": "EJG Morgan",
              "bowler": "TK Curran",
              "non_striker": "DW Lawrence",
              "runs": {
                "batter": 6,
                "extras": 0,
                "total": 6
              }
            },
            {
              "batter": "EJG Morgan",
              "bowler": "TK Curran",
              "non_striker": "DW Lawrence",
              "runs": {
                "batter": 0,
                "extras": 0,
                "total": 0
              }
            },
            {
              "batter": "EJG Morgan",
              "bowler": "TK Curran",
              "non_striker": "DW Lawrence",
              "runs": {
                "batter": 4,
                "extras": 0,
                "total": 4
              }
            },
            {
              "batter": "EJG Morgan",
              "bowler": "TK Curran",
              "non_striker": "DW Lawrence",
              "runs": {
                "batter": 1,
                "extras": 0,
                "total": 1
              }
            }
          ]
        },
        {
          "over": 13,
          "deliveries": [
            {
              "batter": "DW Lawrence",
              "bowler": "Mohammad Hasnain",
              "extras": {
                "noballs": 2
              },
              "non_striker": "EJG Morgan",
              "runs": {
                "batter": 1,
                "extras": 2,
                "total": 3
              }
            },
            {
              "batter": "EJG Morgan",
              "bowler": "Mohammad Hasnain",
              "non_striker": "DW Lawrence",
              "runs": {
                "batter": 0,
                "extras": 0,
                "total": 0
              }
            },
            {
              "batter": "EJG Morgan",
              "bowler": "Mohammad Hasnain",
              "non_striker": "DW Lawrence",
              "runs": {
                "batter": 4,
                "extras": 0,
                "total": 4
              }
            },
            {
              "batter": "EJG Morgan",
              "bowler": "Mohammad Hasnain",
              "extras": {
                "noballs": 2
              },
              "non_striker": "DW Lawrence",
              "review": {
                "by": "Oval Invincibles",
                "batter": "EJG Morgan",
                "decision": "struck down"
              },
              "runs": {
                "batter": 0,
                "extras": 2,
                "total": 2
              }
            },
            {
              "batter": "EJG Morgan",
              "bowler": "Mohammad Hasnain",
              "non_striker": "DW Lawrence",
              "runs": {
                "batter": 6,
                "extras": 0,
                "total": 6
              }
            },
            {
              "batter": "EJG Morgan",
              "bowler": "Mohammad Hasnain",
              "non_striker": "DW Lawrence",
              "runs": {
                "batter": 6,
                "extras": 0,
                "total": 6
              }
            },
            {
              "batter": "EJG Morgan",
              "bowler": "Mohammad Hasnain",
              "extras": {
                "wides": 1
              },
              "non_striker": "DW Lawrence",
              "runs": {
                "batter": 0,
                "extras": 1,
                "total": 1
              }
            },
            {
              "batter": "EJG Morgan",
              "bowler": "Mohammad Hasnain",
              "non_striker": "DW Lawrence",
              "runs": {
                "batter": 1,
                "extras": 0,
                "total": 1
              }
            }
          ]
        },
        {
          "over": 14,
          "deliveries": [
            {
              "batter": "EJG Morgan",
              "bowler": "SP Narine",
              "non_striker": "DW Lawrence",
              "runs": {
                "batter": 0,
                "extras": 0,
                "total": 0
              }
            },
            {
              "batter": "EJG Morgan",
              "bowler": "SP Narine",
              "non_striker": "DW Lawrence",
              "runs": {
                "batter": 4,
                "extras": 0,
                "total": 4
              }
            },
            {
              "batter": "EJG Morgan",
              "bowler": "SP Narine",
              "non_striker": "DW Lawrence",
              "runs": {
                "batter": 1,
                "extras": 0,
                "total": 1
              }
            },
            {
              "batter": "DW Lawrence",
              "bowler": "SP Narine",
              "non_striker": "EJG Morgan",
              "runs": {
                "batter": 6,
                "extras": 0,
                "total": 6
              }
            },
            {
              "batter": "DW Lawrence",
              "bowler": "SP Narine",
              "non_striker": "EJG Morgan",
              "runs": {
                "batter": 0,
                "extras": 0,
                "total": 0
              },
              "wickets": [
                {
                  "player_out": "DW Lawrence",
                  "kind": "bowled"
                }
              ]
            }
          ]
        },
        {
          "over": 15,
          "deliveries": [
            {
              "batter": "KA Pollard",
              "bowler": "RJW Topley",
              "non_striker": "EJG Morgan",
              "runs": {
                "batter": 0,
                "extras": 0,
                "total": 0
              }
            },
            {
              "batter": "KA Pollard",
              "bowler": "RJW Topley",
              "non_striker": "EJG Morgan",
              "runs": {
                "batter": 0,
                "extras": 0,
                "total": 0
              }
            },
            {
              "batter": "KA Pollard",
              "bowler": "RJW Topley",
              "non_striker": "EJG Morgan",
              "runs": {
                "batter": 1,
                "extras": 0,
                "total": 1
              }
            },
            {
              "batter": "EJG Morgan",
              "bowler": "RJW Topley",
              "non_striker": "KA Pollard",
              "runs": {
                "batter": 1,
                "extras": 0,
                "total": 1
              }
            },
            {
              "batter": "KA Pollard",
              "bowler": "RJW Topley",
              "non_striker": "EJG Morgan",
              "runs": {
                "batter": 1,
                "extras": 0,
                "total": 1
              }
            }
          ]
        },
        {
          "over": 16,
          "deliveries": [
            {
              "batter": "KA Pollard",
              "bowler": "SM Curran",
              "non_striker": "EJG Morgan",
              "runs": {
                "batter": 1,
                "extras": 0,
                "total": 1
              }
            },
            {
              "batter": "EJG Morgan",
              "bowler": "SM Curran",
              "non_striker": "KA Pollard",
              "runs": {
                "batter": 0,
                "extras": 0,
                "total": 0
              }
            },
            {
              "batter": "EJG Morgan",
              "bowler": "SM Curran",
              "extras": {
                "noballs": 2
              },
              "non_striker": "KA Pollard",
              "runs": {
                "batter": 0,
                "extras": 2,
                "total": 2
              }
            },
            {
              "batter": "EJG Morgan",
              "bowler": "SM Curran",
              "non_striker": "KA Pollard",
              "runs": {
                "batter": 4,
                "extras": 0,
                "total": 4
              }
            },
            {
              "batter": "EJG Morgan",
              "bowler": "SM Curran",
              "extras": {
                "noballs": 2
              },
              "non_striker": "KA Pollard",
              "runs": {
                "batter": 1,
                "extras": 2,
                "total": 3
              }
            },
            {
              "batter": "KA Pollard",
              "bowler": "SM Curran",
              "non_striker": "EJG Morgan",
              "runs": {
                "batter": 4,
                "extras": 0,
                "total": 4
              }
            },
            {
              "batter": "KA Pollard",
              "bowler": "SM Curran",
              "non_striker": "EJG Morgan",
              "runs": {
                "batter": 1,
                "extras": 0,
                "total": 1
              }
            }
          ]
        },
        {
          "over": 17,
          "deliveries": [
            {
              "batter": "EJG Morgan",
              "bowler": "RJW Topley",
              "non_striker": "KA Pollard",
              "runs": {
                "batter": 1,
                "extras": 0,
                "total": 1
              }
            },
            {
              "batter": "KA Pollard",
              "bowler": "RJW Topley",
              "non_striker": "EJG Morgan",
              "runs": {
                "batter": 1,
                "extras": 0,
                "total": 1
              }
            },
            {
              "batter": "EJG Morgan",
              "bowler": "RJW Topley",
              "non_striker": "KA Pollard",
              "runs": {
                "batter": 0,
                "extras": 0,
                "total": 0
              },
              "wickets": [
                {
                  "player_out": "EJG Morgan",
                  "fielders": [
                    {
                      "name": "HWR Cartwright"
                    }
                  ],
                  "kind": "caught"
                }
              ]
            },
            {
              "batter": "JA Thompson",
              "bowler": "RJW Topley",
              "non_striker": "KA Pollard",
              "runs": {
                "batter": 1,
                "extras": 0,
                "total": 1
              }
            },
            {
              "batter": "KA Pollard",
              "bowler": "RJW Topley",
              "non_striker": "JA Thompson",
              "runs": {
                "batter": 1,
                "extras": 0,
                "total": 1
              }
            }
          ]
        },
        {
          "over": 18,
          "deliveries": [
            {
              "batter": "KA Pollard",
              "bowler": "TK Curran",
              "non_striker": "JA Thompson",
              "runs": {
                "batter": 1,
                "extras": 0,
                "total": 1
              }
            },
            {
              "batter": "JA Thompson",
              "bowler": "TK Curran",
              "non_striker": "KA Pollard",
              "review": {
                "by": "London Spirit",
                "batter": "JA Thompson",
                "decision": "upheld"
              },
              "runs": {
                "batter": 0,
                "extras": 0,
                "total": 0
              }
            },
            {
              "batter": "JA Thompson",
              "bowler": "TK Curran",
              "extras": {
                "wides": 1
              },
              "non_striker": "KA Pollard",
              "runs": {
                "batter": 0,
                "extras": 1,
                "total": 1
              }
            },
            {
              "batter": "JA Thompson",
              "bowler": "TK Curran",
              "non_striker": "KA Pollard",
              "runs": {
                "batter": 6,
                "extras": 0,
                "total": 6
              }
            },
            {
              "batter": "JA Thompson",
              "bowler": "TK Curran",
              "non_striker": "KA Pollard",
              "runs": {
                "batter": 0,
                "extras": 0,
                "total": 0
              }
            },
            {
              "batter": "JA Thompson",
              "bowler": "TK Curran",
              "extras": {
                "noballs": 2
              },
              "non_striker": "KA Pollard",
              "runs": {
                "batter": 1,
                "extras": 2,
                "total": 3
              }
            },
            {
              "batter": "KA Pollard",
              "bowler": "TK Curran",
              "non_striker": "JA Thompson",
              "runs": {
                "batter": 6,
                "extras": 0,
                "total": 6
              }
            }
          ]
        },
        {
          "over": 19,
          "deliveries": [
            {
              "batter": "KA Pollard",
              "bowler": "SM Curran",
              "non_striker": "JA Thompson",
              "runs": {
                "batter": 1,
                "extras": 0,
                "total": 1
              }
            },
            {
              "batter": "JA Thompson",
              "bowler": "SM Curran",
              "non_striker": "KA Pollard",
              "runs": {
                "batter": 1,
                "extras": 0,
                "total": 1
              }
            },
            {
              "batter": "KA Pollard",
              "bowler": "SM Curran",
              "non_striker": "JA Thompson",
              "runs": {
                "batter": 1,
                "extras": 0,
                "total": 1
              }
            },
            {
              "batter": "JA Thompson",
              "bowler": "SM Curran",
              "non_striker": "KA Pollard",
              "runs": {
                "batter": 0,
                "extras": 0,
                "total": 0
              },
              "wickets": [
                {
                  "player_out": "JA Thompson",
                  "fielders": [
                    {
                      "name": "JM Cox"
                    }
                  ],
                  "kind": "caught"
                }
              ]
            },
            {
              "batter": "LA Dawson",
              "bowler": "SM Curran",
              "non_striker": "KA Pollard",
              "runs": {
                "batter": 2,
                "extras": 0,
                "total": 2
              }
            }
          ]
        }
      ],
      "powerplays": [
        {
          "from": 0.1,
          "to": 4.5,
          "type": "mandatory"
        }
      ]
    },
    {
      "team": "Oval Invincibles",
      "overs": [
        {
          "over": 0,
          "deliveries": [
            {
              "batter": "JJ Roy",
              "bowler": "NT Ellis",
              "non_striker": "WG Jacks",
              "runs": {
                "batter": 0,
                "extras": 0,
                "total": 0
              },
              "wickets": [
                {
                  "player_out": "JJ Roy",
                  "fielders": [
                    {
                      "name": "MS Crane"
                    }
                  ],
                  "kind": "caught"
                }
              ]
            },
            {
              "batter": "SM Curran",
              "bowler": "NT Ellis",
              "non_striker": "WG Jacks",
              "runs": {
                "batter": 1,
                "extras": 0,
                "total": 1
              }
            },
            {
              "batter": "WG Jacks",
              "bowler": "NT Ellis",
              "non_striker": "SM Curran",
              "runs": {
                "batter": 1,
                "extras": 0,
                "total": 1
              }
            },
            {
              "batter": "SM Curran",
              "bowler": "NT Ellis",
              "non_striker": "WG Jacks",
              "runs": {
                "batter": 0,
                "extras": 0,
                "total": 0
              }
            },
            {
              "batter": "SM Curran",
              "bowler": "NT Ellis",
              "non_striker": "WG Jacks",
              "runs": {
                "batter": 0,
                "extras": 0,
                "total": 0
              }
            }
          ]
        },
        {
          "over": 1,
          "deliveries": [
            {
              "batter": "SM Curran",
              "bowler": "CP Wood",
              "non_striker": "WG Jacks",
              "runs": {
                "batter": 4,
                "extras": 0,
                "total": 4
              }
            },
            {
              "batter": "SM Curran",
              "bowler": "CP Wood",
              "non_striker": "WG Jacks",
              "runs": {
                "batter": 1,
                "extras": 0,
                "total": 1
              }
            },
            {
              "batter": "WG Jacks",
              "bowler": "CP Wood",
              "non_striker": "SM Curran",
              "runs": {
                "batter": 0,
                "extras": 0,
                "total": 0
              }
            },
            {
              "batter": "WG Jacks",
              "bowler": "CP Wood",
              "non_striker": "SM Curran",
              "runs": {
                "batter": 0,
                "extras": 0,
                "total": 0
              }
            },
            {
              "batter": "WG Jacks",
              "bowler": "CP Wood",
              "non_striker": "SM Curran",
              "runs": {
                "batter": 0,
                "extras": 0,
                "total": 0
              }
            }
          ]
        },
        {
          "over": 2,
          "deliveries": [
            {
              "batter": "SM Curran",
              "bowler": "JA Thompson",
              "extras": {
                "wides": 1
              },
              "non_striker": "WG Jacks",
              "runs": {
                "batter": 0,
                "extras": 1,
                "total": 1
              }
            },
            {
              "batter": "SM Curran",
              "bowler": "JA Thompson",
              "non_striker": "WG Jacks",
              "runs": {
                "batter": 2,
                "extras": 0,
                "total": 2
              }
            },
            {
              "batter": "SM Curran",
              "bowler": "JA Thompson",
              "non_striker": "WG Jacks",
              "runs": {
                "batter": 0,
                "extras": 0,
                "total": 0
              },
              "wickets": [
                {
                  "player_out": "SM Curran",
                  "fielders": [
                    {
                      "name": "GJ Maxwell"
                    }
                  ],
                  "kind": "caught"
                }
              ]
            },
            {
              "batter": "SW Billings",
              "bowler": "JA Thompson",
              "non_striker": "WG Jacks",
              "runs": {
                "batter": 1,
                "extras": 0,
                "total": 1
              }
            },
            {
              "batter": "WG Jacks",
              "bowler": "JA Thompson",
              "non_striker": "SW Billings",
              "runs": {
                "batter": 0,
                "extras": 0,
                "total": 0
              },
              "wickets": [
                {
                  "player_out": "WG Jacks",
                  "fielders": [
                    {
                      "name": "NT Ellis"
                    }
                  ],
                  "kind": "caught"
                }
              ]
            },
            {
              "batter": "JM Cox",
              "bowler": "JA Thompson",
              "non_striker": "SW Billings",
              "runs": {
                "batter": 0,
                "extras": 0,
                "total": 0
              }
            }
          ]
        },
        {
          "over": 3,
          "deliveries": [
            {
              "batter": "JM Cox",
              "bowler": "NT Ellis",
              "non_striker": "SW Billings",
              "runs": {
                "batter": 1,
                "extras": 0,
                "total": 1
              }
            },
            {
              "batter": "SW Billings",
              "bowler": "NT Ellis",
              "non_striker": "JM Cox",
              "runs": {
                "batter": 0,
                "extras": 0,
                "total": 0
              },
              "wickets": [
                {
                  "player_out": "SW Billings",
                  "fielders": [
                    {
                      "name": "DW Lawrence"
                    }
                  ],
                  "kind": "caught"
                }
              ]
            },
            {
              "batter": "HWR Cartwright",
              "bowler": "NT Ellis",
              "non_striker": "JM Cox",
              "runs": {
                "batter": 4,
                "extras": 0,
                "total": 4
              }
            },
            {
              "batter": "HWR Cartwright",
              "bowler": "NT Ellis",
              "non_striker": "JM Cox",
              "runs": {
                "batter": 0,
                "extras": 0,
                "total": 0
              }
            },
            {
              "batter": "HWR Cartwright",
              "bowler": "NT Ellis",
              "non_striker": "JM Cox",
              "runs": {
                "batter": 1,
                "extras": 0,
                "total": 1
              }
            }
          ]
        },
        {
          "over": 4,
          "deliveries": [
            {
              "batter": "HWR Cartwright",
              "bowler": "CP Wood",
              "non_striker": "JM Cox",
              "runs": {
                "batter": 1,
                "extras": 0,
                "total": 1
              }
            },
            {
              "batter": "JM Cox",
              "bowler": "CP Wood",
              "non_striker": "HWR Cartwright",
              "runs": {
                "batter": 0,
                "extras": 0,
                "total": 0
              }
            },
            {
              "batter": "JM Cox",
              "bowler": "CP Wood",
              "non_striker": "HWR Cartwright",
              "runs": {
                "batter": 1,
                "extras": 0,
                "total": 1
              }
            },
            {
              "batter": "HWR Cartwright",
              "bowler": "CP Wood",
              "non_striker": "JM Cox",
              "runs": {
                "batter": 1,
                "extras": 0,
                "total": 1
              }
            },
            {
              "batter": "JM Cox",
              "bowler": "CP Wood",
              "non_striker": "HWR Cartwright",
              "runs": {
                "batter": 0,
                "extras": 0,
                "total": 0
              }
            }
          ]
        },
        {
          "over": 5,
          "deliveries": [
            {
              "batter": "JM Cox",
              "bowler": "LA Dawson",
              "non_striker": "HWR Cartwright",
              "runs": {
                "batter": 0,
                "extras": 0,
                "total": 0
              }
            },
            {
              "batter": "JM Cox",
              "bowler": "LA Dawson",
              "non_striker": "HWR Cartwright",
              "runs": {
                "batter": 1,
                "extras": 0,
                "total": 1
              }
            },
            {
              "batter": "HWR Cartwright",
              "bowler": "LA Dawson",
              "non_striker": "JM Cox",
              "runs": {
                "batter": 1,
                "extras": 0,
                "total": 1
              }
            },
            {
              "batter": "JM Cox",
              "bowler": "LA Dawson",
              "non_striker": "HWR Cartwright",
              "runs": {
                "batter": 0,
                "extras": 0,
                "total": 0
              }
            },
            {
              "batter": "JM Cox",
              "bowler": "LA Dawson",
              "non_striker": "HWR Cartwright",
              "runs": {
                "batter": 1,
                "extras": 0,
                "total": 1
              }
            }
          ]
        },
        {
          "over": 6,
          "deliveries": [
            {
              "batter": "JM Cox",
              "bowler": "MS Crane",
              "non_striker": "HWR Cartwright",
              "runs": {
                "batter": 1,
                "extras": 0,
                "total": 1
              }
            },
            {
              "batter": "HWR Cartwright",
              "bowler": "MS Crane",
              "non_striker": "JM Cox",
              "runs": {
                "batter": 1,
                "extras": 0,
                "total": 1
              }
            },
            {
              "batter": "JM Cox",
              "bowler": "MS Crane",
              "non_striker": "HWR Cartwright",
              "runs": {
                "batter": 2,
                "extras": 0,
                "total": 2
              }
            },
            {
              "batter": "JM Cox",
              "bowler": "MS Crane",
              "extras": {
                "wides": 1
              },
              "non_striker": "HWR Cartwright",
              "runs": {
                "batter": 0,
                "extras": 1,
                "total": 1
              }
            },
            {
              "batter": "JM Cox",
              "bowler": "MS Crane",
              "non_striker": "HWR Cartwright",
              "runs": {
                "batter": 0,
                "extras": 0,
                "total": 0
              }
            },
            {
              "batter": "JM Cox",
              "bowler": "MS Crane",
              "non_striker": "HWR Cartwright",
              "runs": {
                "batter": 4,
                "extras": 0,
                "total": 4
              }
            }
          ]
        },
        {
          "over": 7,
          "deliveries": [
            {
              "batter": "JM Cox",
              "bowler": "MS Crane",
              "non_striker": "HWR Cartwright",
              "runs": {
                "batter": 4,
                "extras": 0,
                "total": 4
              }
            },
            {
              "batter": "JM Cox",
              "bowler": "MS Crane",
              "non_striker": "HWR Cartwright",
              "runs": {
                "batter": 1,
                "extras": 0,
                "total": 1
              }
            },
            {
              "batter": "HWR Cartwright",
              "bowler": "MS Crane",
              "non_striker": "JM Cox",
              "runs": {
                "batter": 1,
                "extras": 0,
                "total": 1
              }
            },
            {
              "batter": "JM Cox",
              "bowler": "MS Crane",
              "non_striker": "HWR Cartwright",
              "runs": {
                "batter": 1,
                "extras": 0,
                "total": 1
              }
            },
            {
              "batter": "HWR Cartwright",
              "bowler": "MS Crane",
              "non_striker": "JM Cox",
              "runs": {
                "batter": 1,
                "extras": 0,
                "total": 1
              }
            }
          ]
        },
        {
          "over": 8,
          "deliveries": [
            {
              "batter": "HWR Cartwright",
              "bowler": "LA Dawson",
              "non_striker": "JM Cox",
              "runs": {
                "batter": 1,
                "extras": 0,
                "total": 1
              }
            },
            {
              "batter": "JM Cox",
              "bowler": "LA Dawson",
              "non_striker": "HWR Cartwright",
              "runs": {
                "batter": 1,
                "extras": 0,
                "total": 1
              }
            },
            {
              "batter": "HWR Cartwright",
              "bowler": "LA Dawson",
              "non_striker": "JM Cox",
              "runs": {
                "batter": 1,
                "extras": 0,
                "total": 1
              }
            },
            {
              "batter": "JM Cox",
              "bowler": "LA Dawson",
              "non_striker": "HWR Cartwright",
              "runs": {
                "batter": 1,
                "extras": 0,
                "total": 1
              }
            },
            {
              "batter": "HWR Cartwright",
              "bowler": "LA Dawson",
              "non_striker": "JM Cox",
              "runs": {
                "batter": 2,
                "extras": 0,
                "total": 2
              }
            }
          ]
        },
        {
          "over": 9,
          "deliveries": [
            {
              "batter": "HWR Cartwright",
              "bowler": "LA Dawson",
              "non_striker": "JM Cox",
              "runs": {
                "batter": 1,
                "extras": 0,
                "total": 1
              }
            },
            {
              "batter": "JM Cox",
              "bowler": "LA Dawson",
              "non_striker": "HWR Cartwright",
              "runs": {
                "batter": 1,
                "extras": 0,
                "total": 1
              }
            },
            {
              "batter": "HWR Cartwright",
              "bowler": "LA Dawson",
              "non_striker": "JM Cox",
              "runs": {
                "batter": 2,
                "extras": 0,
                "total": 2
              }
            },
            {
              "batter": "HWR Cartwright",
              "bowler": "LA Dawson",
              "non_striker": "JM Cox",
              "runs": {
                "batter": 1,
                "extras": 0,
                "total": 1
              }
            },
            {
              "batter": "JM Cox",
              "bowler": "LA Dawson",
              "non_striker": "HWR Cartwright",
              "runs": {
                "batter": 1,
                "extras": 0,
                "total": 1
              }
            }
          ]
        },
        {
          "over": 10,
          "deliveries": [
            {
              "batter": "JM Cox",
              "bowler": "JA Thompson",
              "non_striker": "HWR Cartwright",
              "runs": {
                "batter": 0,
                "extras": 0,
                "total": 0
              }
            },
            {
              "batter": "JM Cox",
              "bowler": "JA Thompson",
              "non_striker": "HWR Cartwright",
              "runs": {
                "batter": 0,
                "extras": 0,
                "total": 0
              }
            },
            {
              "batter": "JM Cox",
              "bowler": "JA Thompson",
              "non_striker": "HWR Cartwright",
              "runs": {
                "batter": 1,
                "extras": 0,
                "total": 1
              }
            },
            {
              "batter": "HWR Cartwright",
              "bowler": "JA Thompson",
              "non_striker": "JM Cox",
              "runs": {
                "batter": 1,
                "extras": 0,
                "total": 1
              }
            },
            {
              "batter": "JM Cox",
              "bowler": "JA Thompson",
              "non_striker": "HWR Cartwright",
              "runs": {
                "batter": 1,
                "extras": 0,
                "total": 1
              }
            }
          ]
        },
        {
          "over": 11,
          "deliveries": [
            {
              "batter": "HWR Cartwright",
              "bowler": "CP Wood",
              "non_striker": "JM Cox",
              "runs": {
                "batter": 0,
                "extras": 0,
                "total": 0
              }
            },
            {
              "batter": "HWR Cartwright",
              "bowler": "CP Wood",
              "non_striker": "JM Cox",
              "runs": {
                "batter": 2,
                "extras": 0,
                "total": 2
              }
            },
            {
              "batter": "HWR Cartwright",
              "bowler": "CP Wood",
              "non_striker": "JM Cox",
              "runs": {
                "batter": 4,
                "extras": 0,
                "total": 4
              }
            },
            {
              "batter": "HWR Cartwright",
              "bowler": "CP Wood",
              "non_striker": "JM Cox",
              "runs": {
                "batter": 6,
                "extras": 0,
                "total": 6
              }
            },
            {
              "batter": "HWR Cartwright",
              "bowler": "CP Wood",
              "non_striker": "JM Cox",
              "runs": {
                "batter": 4,
                "extras": 0,
                "total": 4
              }
            }
          ]
        },
        {
          "over": 12,
          "deliveries": [
            {
              "batter": "JM Cox",
              "bowler": "MS Crane",
              "non_striker": "HWR Cartwright",
              "runs": {
                "batter": 4,
                "extras": 0,
                "total": 4
              }
            },
            {
              "batter": "JM Cox",
              "bowler": "MS Crane",
              "non_striker": "HWR Cartwright",
              "runs": {
                "batter": 4,
                "extras": 0,
                "total": 4
              }
            },
            {
              "batter": "JM Cox",
              "bowler": "MS Crane",
              "non_striker": "HWR Cartwright",
              "runs": {
                "batter": 1,
                "extras": 0,
                "total": 1
              }
            },
            {
              "batter": "HWR Cartwright",
              "bowler": "MS Crane",
              "non_striker": "JM Cox",
              "runs": {
                "batter": 6,
                "extras": 0,
                "total": 6
              }
            },
            {
              "batter": "HWR Cartwright",
              "bowler": "MS Crane",
              "non_striker": "JM Cox",
              "runs": {
                "batter": 0,
                "extras": 0,
                "total": 0
              },
              "wickets": [
                {
                  "player_out": "HWR Cartwright",
                  "fielders": [
                    {
                      "name": "AM Rossington"
                    }
                  ],
                  "kind": "caught"
                }
              ]
            }
          ]
        },
        {
          "over": 13,
          "deliveries": [
            {
              "batter": "TK Curran",
              "bowler": "MS Crane",
              "non_striker": "JM Cox",
              "runs": {
                "batter": 0,
                "extras": 0,
                "total": 0
              }
            },
            {
              "batter": "TK Curran",
              "bowler": "MS Crane",
              "non_striker": "JM Cox",
              "runs": {
                "batter": 2,
                "extras": 0,
                "total": 2
              }
            },
            {
              "batter": "TK Curran",
              "bowler": "MS Crane",
              "non_striker": "JM Cox",
              "runs": {
                "batter": 0,
                "extras": 0,
                "total": 0
              }
            },
            {
              "batter": "TK Curran",
              "bowler": "MS Crane",
              "non_striker": "JM Cox",
              "runs": {
                "batter": 1,
                "extras": 0,
                "total": 1
              }
            },
            {
              "batter": "JM Cox",
              "bowler": "MS Crane",
              "non_striker": "TK Curran",
              "runs": {
                "batter": 6,
                "extras": 0,
                "total": 6
              }
            }
          ]
        },
        {
          "over": 14,
          "deliveries": [
            {
              "batter": "TK Curran",
              "bowler": "JA Thompson",
              "non_striker": "JM Cox",
              "runs": {
                "batter": 6,
                "extras": 0,
                "total": 6
              }
            },
            {
              "batter": "TK Curran",
              "bowler": "JA Thompson",
              "non_striker": "JM Cox",
              "runs": {
                "batter": 4,
                "extras": 0,
                "total": 4
              }
            },
            {
              "batter": "TK Curran",
              "bowler": "JA Thompson",
              "non_striker": "JM Cox",
              "runs": {
                "batter": 0,
                "extras": 0,
                "total": 0
              }
            },
            {
              "batter": "TK Curran",
              "bowler": "JA Thompson",
              "non_striker": "JM Cox",
              "runs": {
                "batter": 2,
                "extras": 0,
                "total": 2
              }
            },
            {
              "batter": "TK Curran",
              "bowler": "JA Thompson",
              "non_striker": "JM Cox",
              "runs": {
                "batter": 0,
                "extras": 0,
                "total": 0
              }
            }
          ]
        },
        {
          "over": 15,
          "deliveries": [
            {
              "batter": "TK Curran",
              "bowler": "NT Ellis",
              "non_striker": "JM Cox",
              "runs": {
                "batter": 1,
                "extras": 0,
                "total": 1
              }
            },
            {
              "batter": "JM Cox",
              "bowler": "NT Ellis",
              "non_striker": "TK Curran",
              "runs": {
                "batter": 1,
                "extras": 0,
                "total": 1
              }
            },
            {
              "batter": "TK Curran",
              "bowler": "NT Ellis",
              "non_striker": "JM Cox",
              "runs": {
                "batter": 6,
                "extras": 0,
                "total": 6
              }
            },
            {
              "batter": "TK Curran",
              "bowler": "NT Ellis",
              "non_striker": "JM Cox",
              "runs": {
                "batter": 1,
                "extras": 0,
                "total": 1
              }
            },
            {
              "batter": "JM Cox",
              "bowler": "NT Ellis",
              "non_striker": "TK Curran",
              "runs": {
                "batter": 0,
                "extras": 0,
                "total": 0
              },
              "wickets": [
                {
                  "player_out": "JM Cox",
                  "kind": "bowled"
                }
              ]
            }
          ]
        },
        {
          "over": 16,
          "deliveries": [
            {
              "batter": "TK Curran",
              "bowler": "LA Dawson",
              "extras": {
                "legbyes": 1
              },
              "non_striker": "SP Narine",
              "runs": {
                "batter": 0,
                "extras": 1,
                "total": 1
              }
            },
            {
              "batter": "SP Narine",
              "bowler": "LA Dawson",
              "extras": {
                "legbyes": 1
              },
              "non_striker": "TK Curran",
              "runs": {
                "batter": 0,
                "extras": 1,
                "total": 1
              }
            },
            {
              "batter": "TK Curran",
              "bowler": "LA Dawson",
              "non_striker": "SP Narine",
              "runs": {
                "batter": 4,
                "extras": 0,
                "total": 4
              }
            },
            {
              "batter": "TK Curran",
              "bowler": "LA Dawson",
              "extras": {
                "wides": 1
              },
              "non_striker": "SP Narine",
              "runs": {
                "batter": 0,
                "extras": 1,
                "total": 1
              }
            },
            {
              "batter": "TK Curran",
              "bowler": "LA Dawson",
              "non_striker": "SP Narine",
              "runs": {
                "batter": 0,
                "extras": 0,
                "total": 0
              },
              "wickets": [
                {
                  "player_out": "TK Curran",
                  "fielders": [
                    {
                      "name": "GJ Maxwell"
                    }
                  ],
                  "kind": "caught"
                }
              ]
            },
            {
              "batter": "DR Briggs",
              "bowler": "LA Dawson",
              "non_striker": "SP Narine",
              "runs": {
                "batter": 1,
                "extras": 0,
                "total": 1
              }
            }
          ]
        },
        {
          "over": 17,
          "deliveries": [
            {
              "batter": "SP Narine",
              "bowler": "NT Ellis",
              "non_striker": "DR Briggs",
              "runs": {
                "batter": 0,
                "extras": 0,
                "total": 0
              }
            },
            {
              "batter": "SP Narine",
              "bowler": "NT Ellis",
              "non_striker": "DR Briggs",
              "runs": {
                "batter": 1,
                "extras": 0,
                "total": 1
              }
            },
            {
              "batter": "DR Briggs",
              "bowler": "NT Ellis",
              "non_striker": "SP Narine",
              "runs": {
                "batter": 4,
                "extras": 0,
                "total": 4
              }
            },
            {
              "batter": "DR Briggs",
              "bowler": "NT Ellis",
              "non_striker": "SP Narine",
              "runs": {
                "batter": 6,
                "extras": 0,
                "total": 6
              }
            },
            {
              "batter": "DR Briggs",
              "bowler": "NT Ellis",
              "non_striker": "SP Narine",
              "runs": {
                "batter": 0,
                "extras": 0,
                "total": 0
              }
            }
          ]
        },
        {
          "over": 18,
          "deliveries": [
            {
              "batter": "SP Narine",
              "bowler": "CP Wood",
              "extras": {
                "noballs": 2
              },
              "non_striker": "DR Briggs",
              "runs": {
                "batter": 1,
                "extras": 2,
                "total": 3
              }
            },
            {
              "batter": "DR Briggs",
              "bowler": "CP Wood",
              "extras": {
                "wides": 1
              },
              "non_striker": "SP Narine",
              "runs": {
                "batter": 0,
                "extras": 1,
                "total": 1
              }
            },
            {
              "batter": "DR Briggs",
              "bowler": "CP Wood",
              "non_striker": "SP Narine",
              "runs": {
                "batter": 1,
                "extras": 0,
                "total": 1
              }
            },
            {
              "batter": "SP Narine",
              "bowler": "CP Wood",
              "non_striker": "DR Briggs",
              "runs": {
                "batter": 6,
                "extras": 0,
                "total": 6
              }
            },
            {
              "batter": "SP Narine",
              "bowler": "CP Wood",
              "extras": {
                "wides": 1
              },
              "non_striker": "DR Briggs",
              "runs": {
                "batter": 0,
                "extras": 1,
                "total": 1
              }
            },
            {
              "batter": "SP Narine",
              "bowler": "CP Wood",
              "extras": {
                "wides": 1
              },
              "non_striker": "DR Briggs",
              "runs": {
                "batter": 0,
                "extras": 1,
                "total": 1
              }
            },
            {
              "batter": "SP Narine",
              "bowler": "CP Wood",
              "non_striker": "DR Briggs",
              "runs": {
                "batter": 1,
                "extras": 0,
                "total": 1
              }
            },
            {
              "batter": "DR Briggs",
              "bowler": "CP Wood",
              "non_striker": "SP Narine",
              "runs": {
                "batter": 2,
                "extras": 0,
                "total": 2
              }
            },
            {
              "batter": "DR Briggs",
              "bowler": "CP Wood",
              "non_striker": "SP Narine",
              "runs": {
                "batter": 4,
                "extras": 0,
                "total": 4
              }
            }
          ]
        },
        {
          "over": 19,
          "deliveries": [
            {
              "batter": "DR Briggs",
              "bowler": "JA Thompson",
              "non_striker": "SP Narine",
              "runs": {
                "batter": 4,
                "extras": 0,
                "total": 4
              }
            },
            {
              "batter": "DR Briggs",
              "bowler": "JA Thompson",
              "non_striker": "SP Narine",
              "runs": {
                "batter": 4,
                "extras": 0,
                "total": 4
              }
            },
            {
              "batter": "DR Briggs",
              "bowler": "JA Thompson",
              "non_striker": "SP Narine",
              "runs": {
                "batter": 2,
                "extras": 0,
                "total": 2
              }
            },
            {
              "batter": "DR Briggs",
              "bowler": "JA Thompson",
              "non_striker": "SP Narine",
              "runs": {
                "batter": 1,
                "extras": 0,
                "total": 1
              }
            },
            {
              "batter": "SP Narine",
              "bowler": "JA Thompson",
              "extras": {
                "wides": 1
              },
              "non_striker": "DR Briggs",
              "runs": {
                "batter": 0,
                "extras": 1,
                "total": 1
              }
            },
            {
              "batter": "SP Narine",
              "bowler": "JA Thompson",
              "extras": {
                "legbyes": 1
              },
              "non_striker": "DR Briggs",
              "runs": {
                "batter": 0,
                "extras": 1,
                "total": 1
              }
            }
          ]
        }
      ],
      "powerplays": [
        {
          "from": 0.1,
          "to": 4.5,
          "type": "mandatory"
        }
      ],
      "target": {
        "overs": 20,
        "runs": 172
      }
    }
  ]
}