{
  "meta": {
    "data_version": "1.1.0",
    "created": "2023-08-04",
    "revision": 1
  },
  "info": {
    "balls_per_over": 5,
    "city": "Southampton",
    "dates": [
      "2023-08-04"
    ],
    "event": {
      "name": "The Hundred Men's Competition",
      "match_number": 5
    },
    "gender": "male",
    "match_type": "T20",
    "officials": {
      "match_referees": [
        "WR Smith"
      ],
      "reserve_umpires": [
        "Mark Newell"
      ],
      "tv_umpires": [
        "PK Baldwin"
      ],
      "umpires": [
        "BJ Debenham",
        "James Middlebrook"
      ]
    },
    "outcome": {
      "winner": "Southern Brave",
      "by": {
        "runs": 2
      }
    },
    "overs": 20,
    "player_of_match": [
      "CJ Jordan"
    ],
    "players": {
      "Southern Brave": [
        "FH Allen",
        "DP Conway",
        "JM Vince",
        "JL du Plooy",
        "GHS Garton",
        "TH David",
        "JK Fuller",
        "CJ Jordan",
        "Rehan Ahmed",
        "C Overton",
        "TS Mills"
      ],
      "Welsh Fire": [
        "LWP Wells",
        "JM Clarke",
        "SS Eskinazi",
        "TB Abell",
        "GD Phillips",
        "DJ Willey",
        "BGF Green",
        "RE van der Merwe",
        "Haris Rauf",
        "DA Payne",
        "Shaheen Shah Afridi"
      ]
    },
    "registry": {
      "people": {
        "BGF Green": "34b37279",
        "BJ Debenham": "524a3a82",
        "C Overton": "e9987a94",
        "CJ Jordan": "ffe699c0",
        "DA Payne": "6c79c098",
        "DJ Willey": "7f048519",
        "DP Conway": "df5a6881",
        "FH Allen": "bf74b130",
        "GD Phillips": "9a46c4e5",
        "GHS Garton": "be869ccf",
        "Haris Rauf": "24bb1c2f",
        "JJ Weatherley": "a05d0552",
        "JK Fuller": "dda5aae5",
        "JL du Plooy": "6e6fb538",
        "JM Clarke": "2eca67f5",
        "JM Vince": "a15618fe",
        "James Middlebrook": "ddcd1520",
        "LWP Wells": "1957c6b7",
        "Mark Newell": "b33f0fa1",
        "PK Baldwin": "6bb53c12",
        "RE van der Merwe": "05c2ca46",
        "Rehan Ahmed": "0ecb4de6",
        "SS Eskinazi": "75cbed9b",
        "Shaheen Shah Afridi": "45a7e761",
        "TB Abell": "ba9258a7",
        "TH David": "f1f99156",
        "TS Mills": "245c97cb",
        "WR Smith": "ad962377"
      }
    },
    "season": "2023",
    "team_type": "club",
    "teams": [
      "Southern Brave",
      "Welsh Fire"
    ],
    "toss": {
      "decision": "field",
      "winner": "Welsh Fire"
    },
    "venue": "The Rose Bowl, Southampton"
  },
  "innings": [
    {
      "team": "Southern Brave",
      "overs": [
        {
          "over": 0,
          "deliveries": [
            {
              "batter": "FH Allen",
              "bowler": "Shaheen Shah Afridi",
              "non_striker": "DP Conway",
              "runs": {
                "batter": 0,
                "extras": 0,
                "total": 0
              }
            },
            {
              "batter": "FH Allen",
              "bowler": "Shaheen Shah Afridi",
              "non_striker": "DP Conway",
              "runs": {
                "batter": 0,
                "extras": 0,
                "total": 0
              }
            },
            {
              "batter": "FH Allen",
              "bowler": "Shaheen Shah Afridi",
              "non_striker": "DP Conway",
              "runs": {
                "batter": 4,
                "extras": 0,
                "total": 4
              }
            },
            {
              "batter": "FH Allen",
              "bowler": "Shaheen Shah Afridi",
              "non_striker": "DP Conway",
              "runs": {
                "batter": 0,
                "extras": 0,
                "total": 0
              }
            },
            {
              "batter": "FH Allen",
              "bowler": "Shaheen Shah Afridi",
              "non_striker": "DP Conway",
              "runs": {
                "batter": 1,
                "extras": 0,
                "total": 1
              }
            }
          ]
        },
        {
          "over": 1,
          "deliveries": [
            {
              "batter": "DP Conway",
              "bowler": "DJ Willey",
              "non_striker": "FH Allen",
              "runs": {
                "batter": 1,
                "extras": 0,
                "total": 1
              }
            },
            {
              "batter": "FH Allen",
              "bowler": "DJ Willey",
              "non_striker": "DP Conway",
              "runs": {
                "batter": 4,
                "extras": 0,
                "total": 4
              }
            },
            {
              "batter": "FH Allen",
              "bowler": "DJ Willey",
              "non_striker": "DP Conway",
              "runs": {
                "batter": 0,
                "extras": 0,
                "total": 0
              }
            },
            {
              "batter": "FH Allen",
              "bowler": "DJ Willey",
              "extras": {
                "legbyes": 1
              },
              "non_striker": "DP Conway",
              "runs": {
                "batter": 0,
                "extras": 1,
                "total": 1
              }
            },
            {
              "batter": "DP Conway",
              "bowler": "DJ Willey",
              "non_striker": "FH Allen",
              "runs": {
                "batter": 1,
                "extras": 0,
                "total": 1
              }
            }
          ]
        },
        {
          "over": 2,
          "deliveries": [
            {
              "batter": "DP Conway",
              "bowler": "Shaheen Shah Afridi",
              "non_striker": "FH Allen",
              "runs": {
                "batter": 2,
                "extras": 0,
                "total": 2
              }
            },
            {
              "batter": "DP Conway",
              "bowler": "Shaheen Shah Afridi",
              "non_striker": "FH Allen",
              "runs": {
                "batter": 0,
                "extras": 0,
                "total": 0
              },
              "wickets": [
                {
                  "player_out": "DP Conway",
                  "fielders": [
                    {
                      "name": "JM Clarke"
                    }
                  ],
                  "kind": "caught"
                }
              ]
            },
            {
              "batter": "JM Vince",
              "bowler": "Shaheen Shah Afridi",
              "non_striker": "FH Allen",
              "runs": {
                "batter": 0,
                "extras": 0,
                "total": 0
              }
            },
            {
              "batter": "JM Vince",
              "bowler": "Shaheen Shah Afridi",
              "non_striker": "FH Allen",
              "runs": {
                "batter": 0,
                "extras": 0,
                "total": 0
              }
            },
            {
              "batter": "JM Vince",
              "bowler": "Shaheen Shah Afridi",
              "non_striker": "FH Allen",
              "runs": {
                "batter": 0,
                "extras": 0,
                "total": 0
              }
            }
          ]
        },
        {
          "over": 3,
          "deliveries": [
            {
              "batter": "JM Vince",
              "bowler": "DJ Willey",
              "non_striker": "FH Allen",
              "runs": {
                "batter": 0,
                "extras": 0,
                "total": 0
              }
            },
            {
              "batter": "JM Vince",
              "bowler": "DJ Willey",
              "non_striker": "FH Allen",
              "runs": {
                "batter": 4,
                "extras": 0,
                "total": 4
              }
            },
            {
              "batter": "JM Vince",
              "bowler": "DJ Willey",
              "non_striker": "FH Allen",
              "runs": {
                "batter": 0,
                "extras": 0,
                "total": 0
              }
            },
            {
              "batter": "JM Vince",
              "bowler": "DJ Willey",
              "non_striker": "FH Allen",
              "runs": {
                "batter": 4,
                "extras": 0,
                "total": 4
              }
            },
            {
              "batter": "JM Vince",
              "bowler": "DJ Willey",
              "non_striker": "FH Allen",
              "runs": {
                "batter": 4,
                "extras": 0,
                "total": 4
              }
            }
          ]
        },
        {
          "over": 4,
          "deliveries": [
            {
              "batter": "FH Allen",
              "bowler": "DA Payne",
              "non_striker": "JM Vince",
              "runs": {
                "batter": 0,
                "extras": 0,
                "total": 0
              }
            },
            {
              "batter": "FH Allen",
              "bowler": "DA Payne",
              "non_striker": "JM Vince",
              "runs": {
                "batter": 4,
                "extras": 0,
                "total": 4
              }
            },
            {
              "batter": "FH Allen",
              "bowler": "DA Payne",
              "non_striker": "JM Vince",
              "runs": {
                "batter": 1,
                "extras": 0,
                "total": 1
              }
            },
            {
              "batter": "JM Vince",
              "bowler": "DA Payne",
              "non_striker": "FH Allen",
              "runs": {
                "batter": 1,
                "extras": 0,
                "total": 1
              }
            },
            {
              "batter": "FH Allen",
              "bowler": "DA Payne",
              "non_striker": "JM Vince",
              "runs": {
                "batter": 4,
                "extras": 0,
                "total": 4
              }
            }
          ]
        },
        {
          "over": 5,
          "deliveries": [
            {
              "batter": "FH Allen",
              "bowler": "Haris Rauf",
              "non_striker": "JM Vince",
              "runs": {
                "batter": 2,
                "extras": 0,
                "total": 2
              }
            },
            {
              "batter": "FH Allen",
              "bowler": "Haris Rauf",
              "non_striker": "JM Vince",
              "runs": {
                "batter": 1,
                "extras": 0,
                "total": 1
              }
            },
            {
              "batter": "JM Vince",
              "bowler": "Haris Rauf",
              "non_striker": "FH Allen",
              "runs": {
                "batter": 1,
                "extras": 0,
                "total": 1
              }
            },
            {
              "batter": "FH Allen",
              "bowler": "Haris Rauf",
              "non_striker": "JM Vince",
              "runs": {
                "batter": 0,
                "extras": 0,
                "total": 0
              },
              "wickets": [
                {
                  "player_out": "FH Allen",
                  "fielders": [
                    {
                      "name": "JM Clarke"
                    }
                  ],
                  "kind": "caught"
                }
              ]
            },
            {
              "batter": "JL du Plooy",
              "bowler": "Haris Rauf",
              "non_striker": "JM Vince",
              "runs": {
                "batter": 0,
                "extras": 0,
                "total": 0
              }
            }
          ]
        },
        {
          "over": 6,
          "deliveries": [
            {
              "batter": "JM Vince",
              "bowler": "RE van der Merwe",
              "non_striker": "JL du Plooy",
              "runs": {
                "batter": 1,
                "extras": 0,
                "total": 1
              }
            },
            {
              "batter": "JL du Plooy",
              "bowler": "RE van der Merwe",
              "non_striker": "JM Vince",
              "runs": {
                "batter": 1,
                "extras": 0,
                "total": 1
              }
            },
            {
              "batter": "JM Vince",
              "bowler": "RE van der Merwe",
              "non_striker": "JL du Plooy",
              "runs": {
                "batter": 0,
                "extras": 0,
                "total": 0
              }
            },
            {
              "batter": "JM Vince",
              "bowler": "RE van der Merwe",
              "non_striker": "JL du Plooy",
              "runs": {
                "batter": 2,
                "extras": 0,
                "total": 2
              }
            },
            {
              "batter": "JM Vince",
              "bowler": "RE van der Merwe",
              "non_striker": "JL du Plooy",
              "runs": {
                "batter": 0,
                "extras": 0,
                "total": 0
              }
            }
          ]
        },
        {
          "over": 7,
          "deliveries": [
            {
              "batter": "JM Vince",
              "bowler": "DA Payne",
              "non_striker": "JL du Plooy",
              "runs": {
                "batter": 1,
                "extras": 0,
                "total": 1
              }
            },
            {
              "batter": "JL du Plooy",
              "bowler": "DA Payne",
              "non_striker": "JM Vince",
              "runs": {
                "batter": 1,
                "extras": 0,
                "total": 1
              }
            },
            {
              "batter": "JM Vince",
              "bowler": "DA Payne",
              "non_striker": "JL du Plooy",
              "runs": {
                "batter": 0,
                "extras": 0,
                "total": 0
              },
              "wickets": [
                {
                  "player_out": "JM Vince",
                  "kind": "bowled"
                }
              ]
            },
            {
              "batter": "GHS Garton",
              "bowler": "DA Payne",
              "non_striker": "JL du Plooy",
              "runs": {
                "batter": 0,
                "extras": 0,
                "total": 0
              }
            },
            {
              "batter": "GHS Garton",
              "bowler": "DA Payne",
              "non_striker": "JL du Plooy",
              "runs": {
                "batter": 1,
                "extras": 0,
                "total": 1
              }
            }
          ]
        },
        {
          "over": 8,
          "deliveries": [
            {
              "batter": "GHS Garton",
              "bowler": "Haris Rauf",
              "non_striker": "JL du Plooy",
              "runs": {
                "batter": 0,
                "extras": 0,
                "total": 0
              },
              "wickets": [
                {
                  "player_out": "GHS Garton",
                  "kind": "bowled"
                }
              ]
            },
            {
              "batter": "TH David",
              "bowler": "Haris Rauf",
              "non_striker": "JL du Plooy",
              "runs": {
                "batter": 0,
                "extras": 0,
                "total": 0
              }
            },
            {
              "batter": "TH David",
              "bowler": "Haris Rauf",
              "non_striker": "JL du Plooy",
              "runs": {
                "batter": 1,
                "extras": 0,
                "total": 1
              }
            },
            {
              "batter": "JL du Plooy",
              "bowler": "Haris Rauf",
              "non_striker": "TH David",
              "runs": {
                "batter": 0,
                "extras": 0,
                "total": 0
              }
            },
            {
              "batter": "JL du Plooy",
              "bowler": "Haris Rauf",
              "non_striker": "TH David",
              "runs": {
                "batter": 4,
                "extras": 0,
                "total": 4
              }
            }
          ]
        },
        {
          "over": 9,
          "deliveries": [
            {
              "batter": "JL du Plooy",
              "bowler": "DJ Willey",
              "non_striker": "TH David",
              "runs": {
                "batter": 1,
                "extras": 0,
                "total": 1
              }
            },
            {
              "batter": "TH David",
              "bowler": "DJ Willey",
              "non_striker": "JL du Plooy",
              "runs": {
                "batter": 1,
                "extras": 0,
                "total": 1
              }
            },
            {
              "batter": "JL du Plooy",
              "bowler": "DJ Willey",
              "non_striker": "TH David",
              "runs": {
                "batter": 1,
                "extras": 0,
                "total": 1
              }
            },
            {
              "batter": "TH David",
              "bowler": "DJ Willey",
              "non_striker": "JL du Plooy",
              "runs": {
                "batter": 0,
                "extras": 0,
                "total": 0
              }
            },
            {
              "batter": "TH David",
              "bowler": "DJ Willey",
              "non_striker": "JL du Plooy",
              "runs": {
                "batter": 0,
                "extras": 0,
                "total": 0
              },
              "wickets": [
                {
                  "player_out": "TH David",
                  "fielders": [
                    {
                      "name": "JM Clarke"
                    }
                  ],
                  "kind": "caught"
                }
              ]
            }
          ]
        },
        {
          "over": 10,
          "deliveries": [
            {
              "batter": "JL du Plooy",
              "bowler": "Haris Rauf",
              "non_striker": "JK Fuller",
              "runs": {
                "batter": 1,
                "extras": 0,
                "total": 1
              }
            },
            {
              "batter": "JK Fuller",
              "bowler": "Haris Rauf",
              "non_striker": "JL du Plooy",
              "runs": {
                "batter": 0,
                "extras": 0,
                "total": 0
              }
            },
            {
              "batter": "JK Fuller",
              "bowler": "Haris Rauf",
              "non_striker": "JL du Plooy",
              "runs": {
                "batter": 0,
                "extras": 0,
                "total": 0
              }
            },
            {
              "batter": "JK Fuller",
              "bowler": "Haris Rauf",
              "non_striker": "JL du Plooy",
              "runs": {
                "batter": 0,
                "extras": 0,
                "total": 0
              },
              "wickets": [
                {
                  "player_out": "JK Fuller",
                  "fielders": [
                    {
                      "name": "DJ Willey"
                    }
                  ],
                  "kind": "caught"
                }
              ]
            },
            {
              "batter": "CJ Jordan",
              "bowler": "Haris Rauf",
              "non_striker": "JL du Plooy",
              "runs": {
                "batter": 1,
                "extras": 0,
                "total": 1
              }
            }
          ]
        },
        {
          "over": 11,
          "deliveries": [
            {
              "batter": "JL du Plooy",
              "bowler": "DA Payne",
              "non_striker": "CJ Jordan",
              "runs": {
                "batter": 4,
                "extras": 0,
                "total": 4
              }
            },
            {
              "batter": "JL du Plooy",
              "bowler": "DA Payne",
              "non_striker": "CJ Jordan",
              "runs": {
                "batter": 1,
                "extras": 0,
                "total": 1
              }
            },
            {
              "batter": "CJ Jordan",
              "bowler": "DA Payne",
              "non_striker": "JL du Plooy",
              "runs": {
                "batter": 0,
                "extras": 0,
                "total": 0
              }
            },
            {
              "batter": "CJ Jordan",
              "bowler": "DA Payne",
              "non_striker": "JL du Plooy",
              "runs": {
                "batter": 0,
                "extras": 0,
                "total": 0
              }
            },
            {
              "batter": "CJ Jordan",
              "bowler": "DA Payne",
              "non_striker": "JL du Plooy",
              "runs": {
                "batter": 1,
                "extras": 0,
                "total": 1
              }
            }
          ]
        },
        {
          "over": 12,
          "deliveries": [
            {
              "batter": "CJ Jordan",
              "bowler": "RE van der Merwe",
              "non_striker": "JL du Plooy",
              "runs": {
                "batter": 1,
                "extras": 0,
                "total": 1
              }
            },
            {
              "batter": "JL du Plooy",
              "bowler": "RE van der Merwe",
              "non_striker": "CJ Jordan",
              "runs": {
                "batter": 1,
                "extras": 0,
                "total": 1
              }
            },
            {
              "batter": "CJ Jordan",
              "bowler": "RE van der Merwe",
              "non_striker": "JL du Plooy",
              "runs": {
                "batter": 1,
                "extras": 0,
                "total": 1
              }
            },
            {
              "batter": "JL du Plooy",
              "bowler": "RE van der Merwe",
              "non_striker": "CJ Jordan",
              "runs": {
                "batter": 1,
                "extras": 0,
                "total": 1
              }
            },
            {
              "batter": "CJ Jordan",
              "bowler": "RE van der Merwe",
              "non_striker": "JL du Plooy",
              "runs": {
                "batter": 1,
                "extras": 0,
                "total": 1
              }
            }
          ]
        },
        {
          "over": 13,
          "deliveries": [
            {
              "batter": "JL du Plooy",
              "bowler": "RE van der Merwe",
              "non_striker": "CJ Jordan",
              "runs": {
                "batter": 1,
                "extras": 0,
                "total": 1
              }
            },
            {
              "batter": "CJ Jordan",
              "bowler": "RE van der Merwe",
              "non_striker": "JL du Plooy",
              "runs": {
                "batter": 1,
                "extras": 0,
                "total": 1
              }
            },
            {
              "batter": "JL du Plooy",
              "bowler": "RE van der Merwe",
              "non_striker": "CJ Jordan",
              "runs": {
                "batter": 1,
                "extras": 0,
                "total": 1
              }
            },
            {
              "batter": "CJ Jordan",
              "bowler": "RE van der Merwe",
              "non_striker": "JL du Plooy",
              "runs": {
                "batter": 1,
                "extras": 0,
                "total": 1
              }
            },
            {
              "batter": "JL du Plooy",
              "bowler": "RE van der Merwe",
              "non_striker": "CJ Jordan",
              "runs": {
                "batter": 0,
                "extras": 0,
                "total": 0
              },
              "wickets": [
                {
                  "player_out": "JL du Plooy",
                  "kind": "bowled"
                }
              ]
            }
          ]
        },
        {
          "over": 14,
          "deliveries": [
            {
              "batter": "CJ Jordan",
              "bowler": "Shaheen Shah Afridi",
              "non_striker": "Rehan Ahmed",
              "runs": {
                "batter": 0,
                "extras": 0,
                "total": 0
              }
            },
            {
              "batter": "CJ Jordan",
              "bowler": "Shaheen Shah Afridi",
              "non_striker": "Rehan Ahmed",
              "runs": {
                "batter": 0,
                "extras": 0,
                "total": 0
              }
            },
            {
              "batter": "CJ Jordan",
              "bowler": "Shaheen Shah Afridi",
              "non_striker": "Rehan Ahmed",
              "runs": {
                "batter": 1,
                "extras": 0,
                "total": 1
              }
            },
            {
              "batter": "Rehan Ahmed",
              "bowler": "Shaheen Shah Afridi",
              "non_striker": "CJ Jordan",
              "runs": {
                "batter": 1,
                "extras": 0,
                "total": 1
              }
            },
            {
              "batter": "CJ Jordan",
              "bowler": "Shaheen Shah Afridi",
              "extras": {
                "legbyes": 2
              },
              "non_striker": "Rehan Ahmed",
              "runs": {
                "batter": 0,
                "extras": 2,
                "total": 2
              }
            }
          ]
        },
        {
          "over": 15,
          "deliveries": [
            {
              "batter": "CJ Jordan",
              "bowler": "Haris Rauf",
              "non_striker": "Rehan Ahmed",
              "runs": {
                "batter": 0,
                "extras": 0,
                "total": 0
              },
              "wickets": [
                {
                  "player_out": "Rehan Ahmed",
                  "fielders": [
                    {
                      "name": "DJ Willey"
                    }
                  ],
                  "kind": "run out"
                }
              ]
            },
            {
              "batter": "C Overton",
              "bowler": "Haris Rauf",
              "non_striker": "CJ Jordan",
              "runs": {
                "batter": 1,
                "extras": 0,
                "total": 1
              }
            },
            {
              "batter": "CJ Jordan",
              "bowler": "Haris Rauf",
              "non_striker": "C Overton",
              "runs": {
                "batter": 6,
                "extras": 0,
                "total": 6
              }
            },
            {
              "batter": "CJ Jordan",
              "bowler": "Haris Rauf",
              "extras": {
                "noballs": 2
              },
              "non_striker": "C Overton",
              "runs": {
                "batter": 2,
                "extras": 2,
                "total": 4
              }
            },
            {
              "batter": "CJ Jordan",
              "bowler": "Haris Rauf",
              "non_striker": "C Overton",
              "runs": {
                "batter": 4,
                "extras": 0,
                "total": 4
              }
            },
            {
              "batter": "CJ Jordan",
              "bowler": "Haris Rauf",
              "non_striker": "C Overton",
              "runs": {
                "batter": 1,
                "extras": 0,
                "total": 1
              }
            }
          ]
        },
        {
          "over": 16,
          "deliveries": [
            {
              "batter": "CJ Jordan",
              "bowler": "RE van der Merwe",
              "non_striker": "C Overton",
              "runs": {
                "batter": 1,
                "extras": 0,
                "total": 1
              }
            },
            {
              "batter": "C Overton",
              "bowler": "RE van der Merwe",
              "non_striker": "CJ Jordan",
              "runs": {
                "batter": 1,
                "extras": 0,
                "total": 1
              }
            },
            {
              "batter": "CJ Jordan",
              "bowler": "RE van der Merwe",
              "non_striker": "C Overton",
              "runs": {
                "batter": 6,
                "extras": 0,
                "total": 6
              }
            },
            {
              "batter": "CJ Jordan",
              "bowler": "RE van der Merwe",
              "non_striker": "C Overton",
              "runs": {
                "batter": 6,
                "extras": 0,
                "total": 6
              }
            },
            {
              "batter": "CJ Jordan",
              "bowler": "RE van der Merwe",
              "non_striker": "C Overton",
              "runs": {
                "batter": 6,
                "extras": 0,
                "total": 6
              }
            }
          ]
        },
        {
          "over": 17,
          "deliveries": [
            {
              "batter": "CJ Jordan",
              "bowler": "DA Payne",
              "non_striker": "C Overton",
              "runs": {
                "batter": 1,
                "extras": 0,
                "total": 1
              }
            },
            {
              "batter": "C Overton",
              "bowler": "DA Payne",
              "non_striker": "CJ Jordan",
              "runs": {
                "batter": 0,
                "extras": 0,
                "total": 0
              }
            },
            {
              "batter": "C Overton",
              "bowler": "DA Payne",
              "non_striker": "CJ Jordan",
              "runs": {
                "batter": 1,
                "extras": 0,
                "total": 1
              }
            },
            {
              "batter": "CJ Jordan",
              "bowler": "DA Payne",
              "non_striker": "C Overton",
              "runs": {
                "batter": 0,
                "extras": 0,
                "total": 0
              }
            },
            {
              "batter": "CJ Jordan",
              "bowler": "DA Payne",
              "non_striker": "C Overton",
              "runs": {
                "batter": 6,
                "extras": 0,
                "total": 6
              }
            }
          ]
        },
        {
          "over": 18,
          "deliveries": [
            {
              "batter": "C Overton",
              "bowler": "Shaheen Shah Afridi",
              "non_striker": "CJ Jordan",
              "runs": {
                "batter": 1,
                "extras": 0,
                "total": 1
              }
            },
            {
              "batter": "CJ Jordan",
              "bowler": "Shaheen Shah Afridi",
              "non_striker": "C Overton",
              "runs": {
                "batter": 4,
                "extras": 0,
                "total": 4
              }
            },
            {
              "batter": "CJ Jordan",
              "bowler": "Shaheen Shah Afridi",
              "non_striker": "C Overton",
              "runs": {
                "batter": 1,
                "extras": 0,
                "total": 1
              }
            },
            {
              "batter": "C Overton",
              "bowler": "Shaheen Shah Afridi",
              "non_striker": "CJ Jordan",
              "runs": {
                "batter": 1,
                "extras": 0,
                "total": 1
              }
            },
            {
              "batter": "CJ Jordan",
              "bowler": "Shaheen Shah Afridi",
              "extras": {
                "legbyes": 1
              },
              "non_striker": "C Overton",
              "runs": {
                "batter": 0,
                "extras": 1,
                "total": 1
              }
            }
          ]
        },
        {
          "over": 19,
          "deliveries": [
            {
              "batter": "C Overton",
              "bowler": "DJ Willey",
              "non_striker": "CJ Jordan",
              "runs": {
                "batter": 1,
                "extras": 0,
                "total": 1
              }
            },
            {
              "batter": "CJ Jordan",
              "bowler": "DJ Willey",
              "non_striker": "C Overton",
              "runs": {
                "batter": 6,
                "extras": 0,
                "total": 6
              }
            },
            {
              "batter": "CJ Jordan",
              "bowler": "DJ Willey",
              "non_striker": "C Overton",
              "runs": {
                "batter": 6,
                "extras": 0,
                "total": 6
              }
            },
            {
              "batter": "CJ Jordan",
              "bowler": "DJ Willey",
              "non_striker": "C Overton",
              "runs": {
                "batter": 2,
                "extras": 0,
                "total": 2
              }
            },
            {
              "batter": "CJ Jordan",
              "bowler": "DJ Willey",
              "non_striker": "C Overton",
              "runs": {
                "batter": 4,
                "extras": 0,
                "total": 4
              }
            }
          ]
        }
      ],
      "powerplays": [
        {
          "from": 0.1,
          "to": 4.5,
          "type": "mandatory"
        }
      ]
    },
    {
      "team": "Welsh Fire",
      "overs": [
        {
          "over": 0,
          "deliveries": [
            {
              "batter": "LWP Wells",
              "bowler": "C Overton",
              "non_striker": "JM Clarke",
              "runs": {
                "batter": 0,
                "extras": 0,
                "total": 0
              }
            },
            {
              "batter": "LWP Wells",
              "bowler": "C Overton",
              "non_striker": "JM Clarke",
              "runs": {
                "batter": 0,
                "extras": 0,
                "total": 0
              }
            },
            {
              "batter": "LWP Wells",
              "bowler": "C Overton",
              "extras": {
                "legbyes": 1
              },
              "non_striker": "JM Clarke",
              "runs": {
                "batter": 0,
                "extras": 1,
                "total": 1
              }
            },
            {
              "batter": "JM Clarke",
              "bowler": "C Overton",
              "extras": {
                "wides": 5
              },
              "non_striker": "LWP Wells",
              "runs": {
                "batter": 0,
                "extras": 5,
                "total": 5
              }
            },
            {
              "batter": "JM Clarke",
              "bowler": "C Overton",
              "non_striker": "LWP Wells",
              "runs": {
                "batter": 0,
                "extras": 0,
                "total": 0
              },
              "wickets": [
                {
                  "player_out": "JM Clarke",
                  "fielders": [
                    {
                      "name": "DP Conway"
                    }
                  ],
                  "kind": "caught"
                }
              ]
            },
            {
              "batter": "SS Eskinazi",
              "bowler": "C Overton",
              "non_striker": "LWP Wells",
              "runs": {
                "batter": 6,
                "extras": 0,
                "total": 6
              }
            }
          ]
        },
        {
          "over": 1,
          "deliveries": [
            {
              "batter": "SS Eskinazi",
              "bowler": "GHS Garton",
              "non_striker": "LWP Wells",
              "runs": {
                "batter": 1,
                "extras": 0,
                "total": 1
              }
            },
            {
              "batter": "LWP Wells",
              "bowler": "GHS Garton",
              "non_striker": "SS Eskinazi",
              "runs": {
                "batter": 6,
                "extras": 0,
                "total": 6
              }
            },
            {
              "batter": "LWP Wells",
              "bowler": "GHS Garton",
              "non_striker": "SS Eskinazi",
              "runs": {
                "batter": 0,
                "extras": 0,
                "total": 0
              }
            },
            {
              "batter": "LWP Wells",
              "bowler": "GHS Garton",
              "non_striker": "SS Eskinazi",
              "runs": {
                "batter": 0,
                "extras": 0,
                "total": 0
              }
            },
            {
              "batter": "LWP Wells",
              "bowler": "GHS Garton",
              "non_striker": "SS Eskinazi",
              "runs": {
                "batter": 1,
                "extras": 0,
                "total": 1
              }
            }
          ]
        },
        {
          "over": 2,
          "deliveries": [
            {
              "batter": "LWP Wells",
              "bowler": "C Overton",
              "non_striker": "SS Eskinazi",
              "runs": {
                "batter": 1,
                "extras": 0,
                "total": 1
              }
            },
            {
              "batter": "SS Eskinazi",
              "bowler": "C Overton",
              "non_striker": "LWP Wells",
              "runs": {
                "batter": 0,
                "extras": 0,
                "total": 0
              }
            },
            {
              "batter": "SS Eskinazi",
              "bowler": "C Overton",
              "non_striker": "LWP Wells",
              "runs": {
                "batter": 4,
                "extras": 0,
                "total": 4
              }
            },
            {
              "batter": "SS Eskinazi",
              "bowler": "C Overton",
              "non_striker": "LWP Wells",
              "runs": {
                "batter": 1,
                "extras": 0,
                "total": 1
              }
            },
            {
              "batter": "LWP Wells",
              "bowler": "C Overton",
              "non_striker": "SS Eskinazi",
              "runs": {
                "batter": 4,
                "extras": 0,
                "total": 4
              }
            }
          ]
        },
        {
          "over": 3,
          "deliveries": [
            {
              "batter": "LWP Wells",
              "bowler": "TS Mills",
              "non_striker": "SS Eskinazi",
              "runs": {
                "batter": 1,
                "extras": 0,
                "total": 1
              }
            },
            {
              "batter": "SS Eskinazi",
              "bowler": "TS Mills",
              "non_striker": "LWP Wells",
              "runs": {
                "batter": 1,
                "extras": 0,
                "total": 1
              }
            },
            {
              "batter": "LWP Wells",
              "bowler": "TS Mills",
              "non_striker": "SS Eskinazi",
              "runs": {
                "batter": 0,
                "extras": 0,
                "total": 0
              }
            },
            {
              "batter": "LWP Wells",
              "bowler": "TS Mills",
              "non_striker": "SS Eskinazi",
              "runs": {
                "batter": 2,
                "extras": 0,
                "total": 2
              }
            },
            {
              "batter": "LWP Wells",
              "bowler": "TS Mills",
              "non_striker": "SS Eskinazi",
              "runs": {
                "batter": 0,
                "extras": 0,
                "total": 0
              }
            }
          ]
        },
        {
          "over": 4,
          "deliveries": [
            {
              "batter": "SS Eskinazi",
              "bowler": "GHS Garton",
              "non_striker": "LWP Wells",
              "runs": {
                "batter": 1,
                "extras": 0,
                "total": 1
              }
            },
            {
              "batter": "LWP Wells",
              "bowler": "GHS Garton",
              "non_striker": "SS Eskinazi",
              "runs": {
                "batter": 2,
                "extras": 0,
                "total": 2
              }
            },
            {
              "batter": "LWP Wells",
              "bowler": "GHS Garton",
              "non_striker": "SS Eskinazi",
              "runs": {
                "batter": 1,
                "extras": 0,
                "total": 1
              }
            },
            {
              "batter": "SS Eskinazi",
              "bowler": "GHS Garton",
              "non_striker": "LWP Wells",
              "runs": {
                "batter": 1,
                "extras": 0,
                "total": 1
              }
            },
            {
              "batter": "LWP Wells",
              "bowler": "GHS Garton",
              "non_striker": "SS Eskinazi",
              "runs": {
                "batter": 4,
                "extras": 0,
                "total": 4
              }
            }
          ]
        },
        {
          "over": 5,
          "deliveries": [
            {
              "batter": "LWP Wells",
              "bowler": "Rehan Ahmed",
              "non_striker": "SS Eskinazi",
              "runs": {
                "batter": 1,
                "extras": 0,
                "total": 1
              }
            },
            {
              "batter": "SS Eskinazi",
              "bowler": "Rehan Ahmed",
              "non_striker": "LWP Wells",
              "runs": {
                "batter": 1,
                "extras": 0,
                "total": 1
              }
            },
            {
              "batter": "LWP Wells",
              "bowler": "Rehan Ahmed",
              "non_striker": "SS Eskinazi",
              "runs": {
                "batter": 1,
                "extras": 0,
                "total": 1
              }
            },
            {
              "batter": "SS Eskinazi",
              "bowler": "Rehan Ahmed",
              "non_striker": "LWP Wells",
              "runs": {
                "batter": 1,
                "extras": 0,
                "total": 1
              }
            },
            {
              "batter": "LWP Wells",
              "bowler": "Rehan Ahmed",
              "non_striker": "SS Eskinazi",
              "runs": {
                "batter": 0,
                "extras": 0,
                "total": 0
              },
              "wickets": [
                {
                  "player_out": "LWP Wells",
                  "fielders": [
                    {
                      "name": "GHS Garton"
                    }
                  ],
                  "kind": "caught"
                }
              ]
            }
          ]
        },
        {
          "over": 6,
          "deliveries": [
            {
              "batter": "SS Eskinazi",
              "bowler": "TH David",
              "non_striker": "TB Abell",
              "runs": {
                "batter": 1,
                "extras": 0,
                "total": 1
              }
            },
            {
              "batter": "TB Abell",
              "bowler": "TH David",
              "non_striker": "SS Eskinazi",
              "runs": {
                "batter": 1,
                "extras": 0,
                "total": 1
              }
            },
            {
              "batter": "SS Eskinazi",
              "bowler": "TH David",
              "non_striker": "TB Abell",
              "runs": {
                "batter": 2,
                "extras": 0,
                "total": 2
              }
            },
            {
              "batter": "SS Eskinazi",
              "bowler": "TH David",
              "non_striker": "TB Abell",
              "runs": {
                "batter": 2,
                "extras": 0,
                "total": 2
              }
            },
            {
              "batter": "SS Eskinazi",
              "bowler": "TH David",
              "non_striker": "TB Abell",
              "runs": {
                "batter": 1,
                "extras": 0,
                "total": 1
              }
            }
          ]
        },
        {
          "over": 7,
          "deliveries": [
            {
              "batter": "TB Abell",
              "bowler": "JK Fuller",
              "non_striker": "SS Eskinazi",
              "runs": {
                "batter": 0,
                "extras": 0,
                "total": 0
              }
            },
            {
              "batter": "TB Abell",
              "bowler": "JK Fuller",
              "non_striker": "SS Eskinazi",
              "runs": {
                "batter": 0,
                "extras": 0,
                "total": 0
              }
            },
            {
              "batter": "TB Abell",
              "bowler": "JK Fuller",
              "non_striker": "SS Eskinazi",
              "runs": {
                "batter": 0,
                "extras": 0,
                "total": 0
              }
            },
            {
              "batter": "TB Abell",
              "bowler": "JK Fuller",
              "non_striker": "SS Eskinazi",
              "runs": {
                "batter": 1,
                "extras": 0,
                "total": 1
              }
            },
            {
              "batter": "SS Eskinazi",
              "bowler": "JK Fuller",
              "non_striker": "TB Abell",
              "runs": {
                "batter": 0,
                "extras": 0,
                "total": 0
              }
            }
          ]
        },
        {
          "over": 8,
          "deliveries": [
            {
              "batter": "TB Abell",
              "bowler": "Rehan Ahmed",
              "non_striker": "SS Eskinazi",
              "runs": {
                "batter": 1,
                "extras": 0,
                "total": 1
              }
            },
            {
              "batter": "SS Eskinazi",
              "bowler": "Rehan Ahmed",
              "non_striker": "TB Abell",
              "runs": {
                "batter": 4,
                "extras": 0,
                "total": 4
              }
            },
            {
              "batter": "SS Eskinazi",
              "bowler": "Rehan Ahmed",
              "non_striker": "TB Abell",
              "runs": {
                "batter": 4,
                "extras": 0,
                "total": 4
              }
            },
            {
              "batter": "SS Eskinazi",
              "bowler": "Rehan Ahmed",
              "non_striker": "TB Abell",
              "runs": {
                "batter": 0,
                "extras": 0,
                "total": 0
              },
              "wickets": [
                {
                  "player_out": "SS Eskinazi",
                  "fielders": [
                    {
                      "name": "DP Conway"
                    }
                  ],
                  "kind": "stumped"
                }
              ]
            },
            {
              "batter": "GD Phillips",
              "bowler": "Rehan Ahmed",
              "non_striker": "TB Abell",
              "runs": {
                "batter": 4,
                "extras": 0,
                "total": 4
              }
            }
          ]
        },
        {
          "over": 9,
          "deliveries": [
            {
              "batter": "GD Phillips",
              "bowler": "JK Fuller",
              "non_striker": "TB Abell",
              "runs": {
                "batter": 0,
                "extras": 0,
                "total": 0
              }
            },
            {
              "batter": "GD Phillips",
              "bowler": "JK Fuller",
              "non_striker": "TB Abell",
              "runs": {
                "batter": 4,
                "extras": 0,
                "total": 4
              }
            },
            {
              "batter": "GD Phillips",
              "bowler": "JK Fuller",
              "non_striker": "TB Abell",
              "runs": {
                "batter": 1,
                "extras": 0,
                "total": 1
              }
            },
            {
              "batter": "TB Abell",
              "bowler": "JK Fuller",
              "non_striker": "GD Phillips",
              "runs": {
                "batter": 1,
                "extras": 0,
                "total": 1
              }
            },
            {
              "batter": "GD Phillips",
              "bowler": "JK Fuller",
              "non_striker": "TB Abell",
              "runs": {
                "batter": 0,
                "extras": 0,
                "total": 0
              }
            }
          ]
        },
        {
          "over": 10,
          "deliveries": [
            {
              "batter": "TB Abell",
              "bowler": "C Overton",
              "non_striker": "GD Phillips",
              "runs": {
                "batter": 0,
                "extras": 0,
                "total": 0
              }
            },
            {
              "batter": "TB Abell",
              "bowler": "C Overton",
              "non_striker": "GD Phillips",
              "runs": {
                "batter": 1,
                "extras": 0,
                "total": 1
              }
            },
            {
              "batter": "GD Phillips",
              "bowler": "C Overton",
              "non_striker": "TB Abell",
              "runs": {
                "batter": 1,
                "extras": 0,
                "total": 1
              }
            },
            {
              "batter": "TB Abell",
              "bowler": "C Overton",
              "non_striker": "GD Phillips",
              "runs": {
                "batter": 4,
                "extras": 0,
                "total": 4
              }
            },
            {
              "batter": "TB Abell",
              "bowler": "C Overton",
              "non_striker": "GD Phillips",
              "runs": {
                "batter": 1,
                "extras": 0,
                "total": 1
              }
            }
          ]
        },
        {
          "over": 11,
          "deliveries": [
            {
              "batter": "GD Phillips",
              "bowler": "Rehan Ahmed",
              "non_striker": "TB Abell",
              "runs": {
                "batter": 0,
                "extras": 0,
                "total": 0
              }
            },
            {
              "batter": "GD Phillips",
              "bowler": "Rehan Ahmed",
              "non_striker": "TB Abell",
              "runs": {
                "batter": 0,
                "extras": 0,
                "total": 0
              }
            },
            {
              "batter": "GD Phillips",
              "bowler": "Rehan Ahmed",
              "non_striker": "TB Abell",
              "runs": {
                "batter": 1,
                "extras": 0,
                "total": 1
              }
            },
            {
              "batter": "TB Abell",
              "bowler": "Rehan Ahmed",
              "non_striker": "GD Phillips",
              "runs": {
                "batter": 0,
                "extras": 0,
                "total": 0
              }
            },
            {
              "batter": "TB Abell",
              "bowler": "Rehan Ahmed",
              "non_striker": "GD Phillips",
              "runs": {
                "batter": 1,
                "extras": 0,
                "total": 1
              }
            }
          ]
        },
        {
          "over": 12,
          "deliveries": [
            {
              "batter": "TB Abell",
              "bowler": "GHS Garton",
              "non_striker": "GD Phillips",
              "runs": {
                "batter": 0,
                "extras": 0,
                "total": 0
              },
              "wickets": [
                {
                  "player_out": "TB Abell",
                  "fielders": [
                    {
                      "name": "C Overton"
                    }
                  ],
                  "kind": "caught"
                }
              ]
            },
            {
              "batter": "DJ Willey",
              "bowler": "GHS Garton",
              "non_striker": "GD Phillips",
              "runs": {
                "batter": 1,
                "extras": 0,
                "total": 1
              }
            },
            {
              "batter": "GD Phillips",
              "bowler": "GHS Garton",
              "non_striker": "DJ Willey",
              "runs": {
                "batter": 0,
                "extras": 0,
                "total": 0
              }
            },
            {
              "batter": "GD Phillips",
              "bowler": "GHS Garton",
              "non_striker": "DJ Willey",
              "runs": {
                "batter": 0,
                "extras": 0,
                "total": 0
              }
            },
            {
              "batter": "GD Phillips",
              "bowler": "GHS Garton",
              "non_striker": "DJ Willey",
              "runs": {
                "batter": 1,
                "extras": 0,
                "total": 1
              }
            }
          ]
        },
        {
          "over": 13,
          "deliveries": [
            {
              "batter": "DJ Willey",
              "bowler": "JK Fuller",
              "non_striker": "GD Phillips",
              "runs": {
                "batter": 1,
                "extras": 0,
                "total": 1
              }
            },
            {
              "batter": "GD Phillips",
              "bowler": "JK Fuller",
              "non_striker": "DJ Willey",
              "runs": {
                "batter": 1,
                "extras": 0,
                "total": 1
              }
            },
            {
              "batter": "DJ Willey",
              "bowler": "JK Fuller",
              "non_striker": "GD Phillips",
              "runs": {
                "batter": 2,
                "extras": 0,
                "total": 2
              }
            },
            {
              "batter": "DJ Willey",
              "bowler": "JK Fuller",
              "non_striker": "GD Phillips",
              "runs": {
                "batter": 0,
                "extras": 0,
                "total": 0
              }
            },
            {
              "batter": "DJ Willey",
              "bowler": "JK Fuller",
              "non_striker": "GD Phillips",
              "runs": {
                "batter": 0,
                "extras": 0,
                "total": 0
              }
            }
          ]
        },
        {
          "over": 14,
          "deliveries": [
            {
              "batter": "GD Phillips",
              "bowler": "Rehan Ahmed",
              "non_striker": "DJ Willey",
              "runs": {
                "batter": 2,
                "extras": 0,
                "total": 2
              }
            },
            {
              "batter": "GD Phillips",
              "bowler": "Rehan Ahmed",
              "non_striker": "DJ Willey",
              "runs": {
                "batter": 1,
                "extras": 0,
                "total": 1
              }
            },
            {
              "batter": "DJ Willey",
              "bowler": "Rehan Ahmed",
              "non_striker": "GD Phillips",
              "runs": {
                "batter": 1,
                "extras": 0,
                "total": 1
              }
            },
            {
              "batter": "GD Phillips",
              "bowler": "Rehan Ahmed",
              "non_striker": "DJ Willey",
              "runs": {
                "batter": 4,
                "extras": 0,
                "total": 4
              }
            },
            {
              "batter": "GD Phillips",
              "bowler": "Rehan Ahmed",
              "non_striker": "DJ Willey",
              "runs": {
                "batter": 1,
                "extras": 0,
                "total": 1
              }
            }
          ]
        },
        {
          "over": 15,
          "deliveries": [
            {
              "batter": "DJ Willey",
              "bowler": "TS Mills",
              "non_striker": "GD Phillips",
              "runs": {
                "batter": 1,
                "extras": 0,
                "total": 1
              }
            },
            {
              "batter": "GD Phillips",
              "bowler": "TS Mills",
              "non_striker": "DJ Willey",
              "runs": {
                "batter": 1,
                "extras": 0,
                "total": 1
              }
            },
            {
              "batter": "DJ Willey",
              "bowler": "TS Mills",
              "extras": {
                "wides": 1
              },
              "non_striker": "GD Phillips",
              "runs": {
                "batter": 0,
                "extras": 1,
                "total": 1
              }
            },
            {
              "batter": "DJ Willey",
              "bowler": "TS Mills",
              "non_striker": "GD Phillips",
              "runs": {
                "batter": 1,
                "extras": 0,
                "total": 1
              }
            },
            {
              "batter": "GD Phillips",
              "bowler": "TS Mills",
              "non_striker": "DJ Willey",
              "runs": {
                "batter": 0,
                "extras": 0,
                "total": 0
              },
              "wickets": [
                {
                  "player_out": "GD Phillips",
                  "fielders": [
                    {
                      "name": "FH Allen"
                    }
                  ],
                  "kind": "caught"
                }
              ]
            },
            {
              "batter": "BGF Green",
              "bowler": "TS Mills",
              "non_striker": "DJ Willey",
              "runs": {
                "batter": 0,
                "extras": 0,
                "total": 0
              }
            }
          ]
        },
        {
          "over": 16,
          "deliveries": [
            {
              "batter": "DJ Willey",
              "bowler": "JK Fuller",
              "non_striker": "BGF Green",
              "runs": {
                "batter": 0,
                "extras": 0,
                "total": 0
              }
            },
            {
              "batter": "DJ Willey",
              "bowler": "JK Fuller",
              "non_striker": "BGF Green",
              "runs": {
                "batter": 6,
                "extras": 0,
                "total": 6
              }
            },
            {
              "batter": "DJ Willey",
              "bowler": "JK Fuller",
              "extras": {
                "wides": 1
              },
              "non_striker": "BGF Green",
              "runs": {
                "batter": 0,
                "extras": 1,
                "total": 1
              }
            },
            {
              "batter": "DJ Willey",
              "bowler": "JK Fuller",
              "non_striker": "BGF Green",
              "runs": {
                "batter": 1,
                "extras": 0,
                "total": 1
              }
            },
            {
              "batter": "BGF Green",
              "bowler": "JK Fuller",
              "non_striker": "DJ Willey",
              "runs": {
                "batter": 1,
                "extras": 0,
                "total": 1
              }
            },
            {
              "batter": "DJ Willey",
              "bowler": "JK Fuller",
              "non_striker": "BGF Green",
              "runs": {
                "batter": 6,
                "extras": 0,
                "total": 6
              }
            }
          ]
        },
        {
          "over": 17,
          "deliveries": [
            {
              "batter": "DJ Willey",
              "bowler": "TS Mills",
              "non_striker": "BGF Green",
              "runs": {
                "batter": 1,
                "extras": 0,
                "total": 1
              }
            },
            {
              "batter": "BGF Green",
              "bowler": "TS Mills",
              "non_striker": "DJ Willey",
              "runs": {
                "batter": 0,
                "extras": 0,
                "total": 0
              }
            },
            {
              "batter": "BGF Green",
              "bowler": "TS Mills",
              "extras": {
                "wides": 1
              },
              "non_striker": "DJ Willey",
              "runs": {
                "batter": 0,
                "extras": 1,
                "total": 1
              }
            },
            {
              "batter": "BGF Green",
              "bowler": "TS Mills",
              "non_striker": "DJ Willey",
              "runs": {
                "batter": 2,
                "extras": 0,
                "total": 2
              }
            },
            {
              "batter": "BGF Green",
              "bowler": "TS Mills",
              "non_striker": "DJ Willey",
              "runs": {
                "batter": 2,
                "extras": 0,
                "total": 2
              }
            },
            {
              "batter": "BGF Green",
              "bowler": "TS Mills",
              "non_striker": "DJ Willey",
              "runs": {
                "batter": 1,
                "extras": 0,
                "total": 1
              }
            }
          ]
        },
        {
          "over": 18,
          "deliveries": [
            {
              "batter": "BGF Green",
              "bowler": "C Overton",
              "non_striker": "DJ Willey",
              "runs": {
                "batter": 6,
                "extras": 0,
                "total": 6
              }
            },
            {
              "batter": "BGF Green",
              "bowler": "C Overton",
              "non_striker": "DJ Willey",
              "runs": {
                "batter": 4,
                "extras": 0,
                "total": 4
              }
            },
            {
              "batter": "BGF Green",
              "bowler": "C Overton",
              "non_striker": "DJ Willey",
              "runs": {
                "batter": 0,
                "extras": 0,
                "total": 0
              },
              "wickets": [
                {
                  "player_out": "BGF Green",
                  "fielders": [
                    {
                      "name": "TH David"
                    }
                  ],
                  "kind": "caught"
                }
              ]
            },
            {
              "batter": "RE van der Merwe",
              "bowler": "C Overton",
              "non_striker": "DJ Willey",
              "runs": {
                "batter": 1,
                "extras": 0,
                "total": 1
              }
            },
            {
              "batter": "DJ Willey",
              "bowler": "C Overton",
              "non_striker": "RE van der Merwe",
              "runs": {
                "batter": 2,
                "extras": 0,
                "total": 2
              }
            }
          ]
        },
        {
          "over": 19,
          "deliveries": [
            {
              "batter": "DJ Willey",
              "bowler": "TS Mills",
              "non_striker": "RE van der Merwe",
              "runs": {
                "batter": 2,
                "extras": 0,
                "total": 2
              }
            },
            {
              "batter": "DJ Willey",
              "bowler": "TS Mills",
              "non_striker": "RE van der Merwe",
              "runs": {
                "batter": 2,
                "extras": 0,
                "total": 2
              }
            },
            {
              "batter": "DJ Willey",
              "bowler": "TS Mills",
              "non_striker": "RE van der Merwe",
              "runs": {
                "batter": 2,
                "extras": 0,
                "total": 2
              }
            },
            {
              "batter": "DJ Willey",
              "bowler": "TS Mills",
              "non_striker": "RE van der Merwe",
              "runs": {
                "batter": 2,
                "extras": 0,
                "total": 2
              }
            },
            {
              "batter": "DJ Willey",
              "bowler": "TS Mills",
              "non_striker": "RE van der Merwe",
              "runs": {
                "batter": 0,
                "extras": 0,
                "total": 0
              },
              "wickets": [
                {
                  "player_out": "DJ Willey",
                  "fielders": [
                    {
                      "name": "JJ Weatherley",
                      "substitute": true
                    }
                  ],
                  "kind": "caught"
                }
              ]
            }
          ]
        }
      ],
      "powerplays": [
        {
          "from": 0.1,
          "to": 4.5,
          "type": "mandatory"
        }
      ],
      "target": {
        "overs": 20,
        "runs": 148
      }
    }
  ]
}