{
  "meta": {
    "data_version": "1.1.0",
    "created": "2023-08-22",
    "revision": 1
  },
  "info": {
    "balls_per_over": 5,
    "city": "Manchester",
    "dates": [
      "2023-08-20"
    ],
    "event": {
      "name": "The Hundred Men's Competition",
      "match_number": 27
    },
    "gender": "male",
    "match_type": "T20",
    "officials": {
      "match_referees": [
        "Phil Whitticase"
      ],
      "reserve_umpires": [
        "RA Kettleborough"
      ],
      "tv_umpires": [
        "GD Lloyd"
      ],
      "umpires": [
        "Hassan Adnan",
        "James Middlebrook"
      ]
    },
    "outcome": {
      "winner": "Manchester Originals",
      "by": {
        "runs": 81
      }
    },
    "overs": 20,
    "player_of_match": [
      "CG Harrison"
    ],
    "players": {
      "Manchester Originals": [
        "PD Salt",
        "JC Buttler",
        "LJ Evans",
        "PI Walter",
        "MDE Holden",
        "J Overton",
        "AJ Turner",
        "CG Harrison",
        "TW Hartley",
        "JC Tongue",
        "Zaman Khan"
      ],
      "Northern Superchargers": [
        "A Lyth",
        "MW Short",
        "T Banton",
        "AJ Hose",
        "HC Brook",
        "WD Parnell",
        "BA Carse",
        "D Wiese",
        "AU Rashid",
        "CF Parkinson",
        "RJW Topley"
      ]
    },
    "registry": {
      "people": {
        "A Lyth": "70b8fd28",
        "AJ Hose": "104e88a4",
        "AJ Turner": "ff1e12a0",
        "AU Rashid": "249d60c9",
        "BA Carse": "cad40f5e",
        "CF Parkinson": "aa1210d8",
        "CG Harrison": "f655d740",
        "D Wiese": "aa8d28ae",
        "GD Lloyd": "36e0770d",
        "HC Brook": "4ae1755b",
        "Hassan Adnan": "56ca7a8c",
        "J Overton": "59559bc2",
        "JC Buttler": "99b75528",
        "JC Tongue": "1f1b4c89",
        "James Middlebrook": "ddcd1520",
        "LJ Evans": "1c513d54",
        "MDE Holden": "d34a2268",
        "MW Short": "a90e53ec",
        "PD Salt": "3d284ca3",
        "PI Walter": "57590dbb",
        "Phil Whitticase": "99d5f6fa",
        "RA Kettleborough": "4017868f",
        "RJW Topley": "8db7f47f",
        "T Banton": "25f7b7d6",
        "TW Hartley": "22b98d7c",
        "WD Parnell": "3a60e0b5",
        "Zaman Khan": "28392e11"
      }
    },
    "season": "2023",
    "team_type": "club",
    "teams": [
      "Manchester Originals",
      "Northern Superchargers"
    ],
    "toss": {
      "decision": "bat",
      "winner": "Manchester Originals"
    },
    "venue": "Old Trafford, Manchester"
  },
  "innings": [
    {
      "team": "Manchester Originals",
      "overs": [
        {
          "over": 0,
          "deliveries": [
            {
              "batter": "PD Salt",
              "bowler": "RJW Topley",
              "non_striker": "JC Buttler",
              "runs": {
                "batter": 1,
                "extras": 0,
                "total": 1
              }
            },
            {
              "batter": "JC Buttler",
              "bowler": "RJW Topley",
              "extras": {
                "wides": 1
              },
              "non_striker": "PD Salt",
              "runs": {
                "batter": 0,
                "extras": 1,
                "total": 1
              }
            },
            {
              "batter": "JC Buttler",
              "bowler": "RJW Topley",
              "non_striker": "PD Salt",
              "runs": {
                "batter": 0,
                "extras": 0,
                "total": 0
              }
            },
            {
              "batter": "JC Buttler",
              "bowler": "RJW Topley",
              "non_striker": "PD Salt",
              "runs": {
                "batter": 1,
                "extras": 0,
                "total": 1
              }
            },
            {
              "batter": "PD Salt",
              "bowler": "RJW Topley",
              "non_striker": "JC Buttler",
              "runs": {
                "batter": 1,
                "extras": 0,
                "total": 1
              }
            },
            {
              "batter": "JC Buttler",
              "bowler": "RJW Topley",
              "non_striker": "PD Salt",
              "runs": {
                "batter": 0,
                "extras": 0,
                "total": 0
              }
            }
          ]
        },
        {
          "over": 1,
          "deliveries": [
            {
              "batter": "JC Buttler",
              "bowler": "CF Parkinson",
              "non_striker": "PD Salt",
              "runs": {
                "batter": 1,
                "extras": 0,
                "total": 1
              }
            },
            {
              "batter": "PD Salt",
              "bowler": "CF Parkinson",
              "non_striker": "JC Buttler",
              "runs": {
                "batter": 1,
                "extras": 0,
                "total": 1
              }
            },
            {
              "batter": "JC Buttler",
              "bowler": "CF Parkinson",
              "non_striker": "PD Salt",
              "runs": {
                "batter": 0,
                "extras": 0,
                "total": 0
              }
            },
            {
              "batter": "JC Buttler",
              "bowler": "CF Parkinson",
              "non_striker": "PD Salt",
              "runs": {
                "batter": 4,
                "extras": 0,
                "total": 4
              }
            },
            {
              "batter": "JC Buttler",
              "bowler": "CF Parkinson",
              "non_striker": "PD Salt",
              "runs": {
                "batter": 1,
                "extras": 0,
                "total": 1
              }
            }
          ]
        },
        {
          "over": 2,
          "deliveries": [
            {
              "batter": "JC Buttler",
              "bowler": "RJW Topley",
              "non_striker": "PD Salt",
              "runs": {
                "batter": 0,
                "extras": 0,
                "total": 0
              }
            },
            {
              "batter": "JC Buttler",
              "bowler": "RJW Topley",
              "extras": {
                "legbyes": 1
              },
              "non_striker": "PD Salt",
              "runs": {
                "batter": 0,
                "extras": 1,
                "total": 1
              }
            },
            {
              "batter": "PD Salt",
              "bowler": "RJW Topley",
              "extras": {
                "legbyes": 4
              },
              "non_striker": "JC Buttler",
              "runs": {
                "batter": 0,
                "extras": 4,
                "total": 4
              }
            },
            {
              "batter": "PD Salt",
              "bowler": "RJW Topley",
              "extras": {
                "wides": 1
              },
              "non_striker": "JC Buttler",
              "runs": {
                "batter": 0,
                "extras": 1,
                "total": 1
              }
            },
            {
              "batter": "PD Salt",
              "bowler": "RJW Topley",
              "non_striker": "JC Buttler",
              "runs": {
                "batter": 4,
                "extras": 0,
                "total": 4
              }
            },
            {
              "batter": "PD Salt",
              "bowler": "RJW Topley",
              "non_striker": "JC Buttler",
              "runs": {
                "batter": 0,
                "extras": 0,
                "total": 0
              }
            }
          ]
        },
        {
          "over": 3,
          "deliveries": [
            {
              "batter": "PD Salt",
              "bowler": "CF Parkinson",
              "non_striker": "JC Buttler",
              "runs": {
                "batter": 1,
                "extras": 0,
                "total": 1
              }
            },
            {
              "batter": "JC Buttler",
              "bowler": "CF Parkinson",
              "non_striker": "PD Salt",
              "runs": {
                "batter": 0,
                "extras": 0,
                "total": 0
              }
            },
            {
              "batter": "JC Buttler",
              "bowler": "CF Parkinson",
              "non_striker": "PD Salt",
              "runs": {
                "batter": 4,
                "extras": 0,
                "total": 4
              }
            },
            {
              "batter": "JC Buttler",
              "bowler": "CF Parkinson",
              "non_striker": "PD Salt",
              "runs": {
                "batter": 3,
                "extras": 0,
                "total": 3
              }
            },
            {
              "batter": "PD Salt",
              "bowler": "CF Parkinson",
              "non_striker": "JC Buttler",
              "runs": {
                "batter": 0,
                "extras": 0,
                "total": 0
              }
            }
          ]
        },
        {
          "over": 4,
          "deliveries": [
            {
              "batter": "JC Buttler",
              "bowler": "BA Carse",
              "non_striker": "PD Salt",
              "runs": {
                "batter": 2,
                "extras": 0,
                "total": 2
              }
            },
            {
              "batter": "JC Buttler",
              "bowler": "BA Carse",
              "non_striker": "PD Salt",
              "runs": {
                "batter": 4,
                "extras": 0,
                "total": 4
              }
            },
            {
              "batter": "JC Buttler",
              "bowler": "BA Carse",
              "non_striker": "PD Salt",
              "runs": {
                "batter": 4,
                "extras": 0,
                "total": 4
              }
            },
            {
              "batter": "JC Buttler",
              "bowler": "BA Carse",
              "non_striker": "PD Salt",
              "runs": {
                "batter": 4,
                "extras": 0,
                "total": 4
              }
            },
            {
              "batter": "JC Buttler",
              "bowler": "BA Carse",
              "non_striker": "PD Salt",
              "runs": {
                "batter": 0,
                "extras": 0,
                "total": 0
              }
            }
          ]
        },
        {
          "over": 5,
          "deliveries": [
            {
              "batter": "JC Buttler",
              "bowler": "D Wiese",
              "non_striker": "PD Salt",
              "runs": {
                "batter": 1,
                "extras": 0,
                "total": 1
              }
            },
            {
              "batter": "PD Salt",
              "bowler": "D Wiese",
              "non_striker": "JC Buttler",
              "runs": {
                "batter": 1,
                "extras": 0,
                "total": 1
              }
            },
            {
              "batter": "JC Buttler",
              "bowler": "D Wiese",
              "non_striker": "PD Salt",
              "runs": {
                "batter": 1,
                "extras": 0,
                "total": 1
              }
            },
            {
              "batter": "PD Salt",
              "bowler": "D Wiese",
              "non_striker": "JC Buttler",
              "runs": {
                "batter": 6,
                "extras": 0,
                "total": 6
              }
            },
            {
              "batter": "PD Salt",
              "bowler": "D Wiese",
              "extras": {
                "legbyes": 1
              },
              "non_striker": "JC Buttler",
              "runs": {
                "batter": 0,
                "extras": 1,
                "total": 1
              }
            }
          ]
        },
        {
          "over": 6,
          "deliveries": [
            {
              "batter": "PD Salt",
              "bowler": "AU Rashid",
              "non_striker": "JC Buttler",
              "runs": {
                "batter": 2,
                "extras": 0,
                "total": 2
              }
            },
            {
              "batter": "PD Salt",
              "bowler": "AU Rashid",
              "non_striker": "JC Buttler",
              "runs": {
                "batter": 1,
                "extras": 0,
                "total": 1
              }
            },
            {
              "batter": "JC Buttler",
              "bowler": "AU Rashid",
              "non_striker": "PD Salt",
              "runs": {
                "batter": 1,
                "extras": 0,
                "total": 1
              }
            },
            {
              "batter": "PD Salt",
              "bowler": "AU Rashid",
              "non_striker": "JC Buttler",
              "runs": {
                "batter": 2,
                "extras": 0,
                "total": 2
              }
            },
            {
              "batter": "PD Salt",
              "bowler": "AU Rashid",
              "non_striker": "JC Buttler",
              "runs": {
                "batter": 1,
                "extras": 0,
                "total": 1
              }
            }
          ]
        },
        {
          "over": 7,
          "deliveries": [
            {
              "batter": "JC Buttler",
              "bowler": "WD Parnell",
              "non_striker": "PD Salt",
              "runs": {
                "batter": 2,
                "extras": 0,
                "total": 2
              }
            },
            {
              "batter": "JC Buttler",
              "bowler": "WD Parnell",
              "non_striker": "PD Salt",
              "runs": {
                "batter": 1,
                "extras": 0,
                "total": 1
              }
            },
            {
              "batter": "PD Salt",
              "bowler": "WD Parnell",
              "non_striker": "JC Buttler",
              "runs": {
                "batter": 6,
                "extras": 0,
                "total": 6
              }
            },
            {
              "batter": "PD Salt",
              "bowler": "WD Parnell",
              "non_striker": "JC Buttler",
              "runs": {
                "batter": 1,
                "extras": 0,
                "total": 1
              }
            },
            {
              "batter": "JC Buttler",
              "bowler": "WD Parnell",
              "non_striker": "PD Salt",
              "runs": {
                "batter": 1,
                "extras": 0,
                "total": 1
              }
            }
          ]
        },
        {
          "over": 8,
          "deliveries": [
            {
              "batter": "JC Buttler",
              "bowler": "AU Rashid",
              "non_striker": "PD Salt",
              "runs": {
                "batter": 1,
                "extras": 0,
                "total": 1
              }
            },
            {
              "batter": "PD Salt",
              "bowler": "AU Rashid",
              "non_striker": "JC Buttler",
              "runs": {
                "batter": 0,
                "extras": 0,
                "total": 0
              },
              "wickets": [
                {
                  "player_out": "PD Salt",
                  "fielders": [
                    {
                      "name": "D Wiese"
                    }
                  ],
                  "kind": "caught"
                }
              ]
            },
            {
              "batter": "LJ Evans",
              "bowler": "AU Rashid",
              "non_striker": "JC Buttler",
              "runs": {
                "batter": 0,
                "extras": 0,
                "total": 0
              }
            },
            {
              "batter": "LJ Evans",
              "bowler": "AU Rashid",
              "non_striker": "JC Buttler",
              "runs": {
                "batter": 1,
                "extras": 0,
                "total": 1
              }
            },
            {
              "batter": "JC Buttler",
              "bowler": "AU Rashid",
              "non_striker": "LJ Evans",
              "runs": {
                "batter": 1,
                "extras": 0,
                "total": 1
              }
            }
          ]
        },
        {
          "over": 9,
          "deliveries": [
            {
              "batter": "LJ Evans",
              "bowler": "CF Parkinson",
              "non_striker": "JC Buttler",
              "runs": {
                "batter": 6,
                "extras": 0,
                "total": 6
              }
            },
            {
              "batter": "LJ Evans",
              "bowler": "CF Parkinson",
              "non_striker": "JC Buttler",
              "runs": {
                "batter": 0,
                "extras": 0,
                "total": 0
              },
              "wickets": [
                {
                  "player_out": "LJ Evans",
                  "fielders": [
                    {
                      "name": "D Wiese"
                    }
                  ],
                  "kind": "caught"
                }
              ]
            },
            {
              "batter": "PI Walter",
              "bowler": "CF Parkinson",
              "non_striker": "JC Buttler",
              "runs": {
                "batter": 1,
                "extras": 0,
                "total": 1
              }
            },
            {
              "batter": "JC Buttler",
              "bowler": "CF Parkinson",
              "non_striker": "PI Walter",
              "runs": {
                "batter": 0,
                "extras": 0,
                "total": 0
              }
            },
            {
              "batter": "JC Buttler",
              "bowler": "CF Parkinson",
              "non_striker": "PI Walter",
              "runs": {
                "batter": 1,
                "extras": 0,
                "total": 1
              }
            }
          ]
        },
        {
          "over": 10,
          "deliveries": [
            {
              "batter": "JC Buttler",
              "bowler": "MW Short",
              "non_striker": "PI Walter",
              "runs": {
                "batter": 1,
                "extras": 0,
                "total": 1
              }
            },
            {
              "batter": "PI Walter",
              "bowler": "MW Short",
              "non_striker": "JC Buttler",
              "runs": {
                "batter": 1,
                "extras": 0,
                "total": 1
              }
            },
            {
              "batter": "JC Buttler",
              "bowler": "MW Short",
              "non_striker": "PI Walter",
              "runs": {
                "batter": 1,
                "extras": 0,
                "total": 1
              }
            },
            {
              "batter": "PI Walter",
              "bowler": "MW Short",
              "non_striker": "JC Buttler",
              "runs": {
                "batter": 0,
                "extras": 0,
                "total": 0
              }
            },
            {
              "batter": "PI Walter",
              "bowler": "MW Short",
              "non_striker": "JC Buttler",
              "runs": {
                "batter": 0,
                "extras": 0,
                "total": 0
              }
            }
          ]
        },
        {
          "over": 11,
          "deliveries": [
            {
              "batter": "PI Walter",
              "bowler": "D Wiese",
              "non_striker": "JC Buttler",
              "runs": {
                "batter": 0,
                "extras": 0,
                "total": 0
              }
            },
            {
              "batter": "PI Walter",
              "bowler": "D Wiese",
              "non_striker": "JC Buttler",
              "runs": {
                "batter": 0,
                "extras": 0,
                "total": 0
              }
            },
            {
              "batter": "PI Walter",
              "bowler": "D Wiese",
              "non_striker": "JC Buttler",
              "runs": {
                "batter": 6,
                "extras": 0,
                "total": 6
              }
            },
            {
              "batter": "PI Walter",
              "bowler": "D Wiese",
              "non_striker": "JC Buttler",
              "runs": {
                "batter": 4,
                "extras": 0,
                "total": 4
              }
            },
            {
              "batter": "PI Walter",
              "bowler": "D Wiese",
              "non_striker": "JC Buttler",
              "runs": {
                "batter": 0,
                "extras": 0,
                "total": 0
              }
            }
          ]
        },
        {
          "over": 12,
          "deliveries": [
            {
              "batter": "JC Buttler",
              "bowler": "BA Carse",
              "non_striker": "PI Walter",
              "runs": {
                "batter": 0,
                "extras": 0,
                "total": 0
              }
            },
            {
              "batter": "JC Buttler",
              "bowler": "BA Carse",
              "non_striker": "PI Walter",
              "runs": {
                "batter": 2,
                "extras": 0,
                "total": 2
              }
            },
            {
              "batter": "JC Buttler",
              "bowler": "BA Carse",
              "non_striker": "PI Walter",
              "runs": {
                "batter": 1,
                "extras": 0,
                "total": 1
              }
            },
            {
              "batter": "PI Walter",
              "bowler": "BA Carse",
              "non_striker": "JC Buttler",
              "runs": {
                "batter": 1,
                "extras": 0,
                "total": 1
              }
            },
            {
              "batter": "JC Buttler",
              "bowler": "BA Carse",
              "non_striker": "PI Walter",
              "runs": {
                "batter": 1,
                "extras": 0,
                "total": 1
              }
            }
          ]
        },
        {
          "over": 13,
          "deliveries": [
            {
              "batter": "PI Walter",
              "bowler": "WD Parnell",
              "non_striker": "JC Buttler",
              "runs": {
                "batter": 2,
                "extras": 0,
                "total": 2
              }
            },
            {
              "batter": "PI Walter",
              "bowler": "WD Parnell",
              "non_striker": "JC Buttler",
              "runs": {
                "batter": 4,
                "extras": 0,
                "total": 4
              }
            },
            {
              "batter": "PI Walter",
              "bowler": "WD Parnell",
              "non_striker": "JC Buttler",
              "runs": {
                "batter": 1,
                "extras": 0,
                "total": 1
              }
            },
            {
              "batter": "JC Buttler",
              "bowler": "WD Parnell",
              "non_striker": "PI Walter",
              "runs": {
                "batter": 0,
                "extras": 0,
                "total": 0
              }
            },
            {
              "batter": "JC Buttler",
              "bowler": "WD Parnell",
              "non_striker": "PI Walter",
              "runs": {
                "batter": 6,
                "extras": 0,
                "total": 6
              }
            }
          ]
        },
        {
          "over": 14,
          "deliveries": [
            {
              "batter": "PI Walter",
              "bowler": "MW Short",
              "non_striker": "JC Buttler",
              "runs": {
                "batter": 1,
                "extras": 0,
                "total": 1
              }
            },
            {
              "batter": "JC Buttler",
              "bowler": "MW Short",
              "non_striker": "PI Walter",
              "runs": {
                "batter": 6,
                "extras": 0,
                "total": 6
              }
            },
            {
              "batter": "JC Buttler",
              "bowler": "MW Short",
              "non_striker": "PI Walter",
              "runs": {
                "batter": 1,
                "extras": 0,
                "total": 1
              }
            },
            {
              "batter": "PI Walter",
              "bowler": "MW Short",
              "non_striker": "JC Buttler",
              "runs": {
                "batter": 6,
                "extras": 0,
                "total": 6
              }
            },
            {
              "batter": "PI Walter",
              "bowler": "MW Short",
              "non_striker": "JC Buttler",
              "runs": {
                "batter": 1,
                "extras": 0,
                "total": 1
              }
            }
          ]
        },
        {
          "over": 15,
          "deliveries": [
            {
              "batter": "JC Buttler",
              "bowler": "AU Rashid",
              "non_striker": "PI Walter",
              "runs": {
                "batter": 1,
                "extras": 0,
                "total": 1
              }
            },
            {
              "batter": "PI Walter",
              "bowler": "AU Rashid",
              "non_striker": "JC Buttler",
              "runs": {
                "batter": 0,
                "extras": 0,
                "total": 0
              },
              "wickets": [
                {
                  "player_out": "PI Walter",
                  "fielders": [
                    {
                      "name": "T Banton"
                    }
                  ],
                  "kind": "stumped"
                }
              ]
            },
            {
              "batter": "MDE Holden",
              "bowler": "AU Rashid",
              "non_striker": "JC Buttler",
              "runs": {
                "batter": 1,
                "extras": 0,
                "total": 1
              }
            },
            {
              "batter": "JC Buttler",
              "bowler": "AU Rashid",
              "non_striker": "MDE Holden",
              "runs": {
                "batter": 2,
                "extras": 0,
                "total": 2
              }
            },
            {
              "batter": "JC Buttler",
              "bowler": "AU Rashid",
              "non_striker": "MDE Holden",
              "runs": {
                "batter": 1,
                "extras": 0,
                "total": 1
              }
            }
          ]
        },
        {
          "over": 16,
          "deliveries": [
            {
              "batter": "JC Buttler",
              "bowler": "CF Parkinson",
              "non_striker": "MDE Holden",
              "runs": {
                "batter": 0,
                "extras": 0,
                "total": 0
              }
            },
            {
              "batter": "JC Buttler",
              "bowler": "CF Parkinson",
              "non_striker": "MDE Holden",
              "runs": {
                "batter": 1,
                "extras": 0,
                "total": 1
              }
            },
            {
              "batter": "MDE Holden",
              "bowler": "CF Parkinson",
              "non_striker": "JC Buttler",
              "runs": {
                "batter": 4,
                "extras": 0,
                "total": 4
              }
            },
            {
              "batter": "MDE Holden",
              "bowler": "CF Parkinson",
              "non_striker": "JC Buttler",
              "runs": {
                "batter": 2,
                "extras": 0,
                "total": 2
              }
            },
            {
              "batter": "MDE Holden",
              "bowler": "CF Parkinson",
              "non_striker": "JC Buttler",
              "runs": {
                "batter": 1,
                "extras": 0,
                "total": 1
              }
            }
          ]
        },
        {
          "over": 17,
          "deliveries": [
            {
              "batter": "JC Buttler",
              "bowler": "RJW Topley",
              "non_striker": "MDE Holden",
              "runs": {
                "batter": 1,
                "extras": 0,
                "total": 1
              }
            },
            {
              "batter": "MDE Holden",
              "bowler": "RJW Topley",
              "non_striker": "JC Buttler",
              "runs": {
                "batter": 1,
                "extras": 0,
                "total": 1
              }
            },
            {
              "batter": "JC Buttler",
              "bowler": "RJW Topley",
              "non_striker": "MDE Holden",
              "runs": {
                "batter": 4,
                "extras": 0,
                "total": 4
              }
            },
            {
              "batter": "JC Buttler",
              "bowler": "RJW Topley",
              "non_striker": "MDE Holden",
              "runs": {
                "batter": 2,
                "extras": 0,
                "total": 2
              }
            },
            {
              "batter": "JC Buttler",
              "bowler": "RJW Topley",
              "non_striker": "MDE Holden",
              "runs": {
                "batter": 6,
                "extras": 0,
                "total": 6
              }
            }
          ]
        },
        {
          "over": 18,
          "deliveries": [
            {
              "batter": "MDE Holden",
              "bowler": "AU Rashid",
              "non_striker": "JC Buttler",
              "runs": {
                "batter": 1,
                "extras": 0,
                "total": 1
              }
            },
            {
              "batter": "JC Buttler",
              "bowler": "AU Rashid",
              "non_striker": "MDE Holden",
              "runs": {
                "batter": 0,
                "extras": 0,
                "total": 0
              },
              "wickets": [
                {
                  "player_out": "JC Buttler",
                  "fielders": [
                    {
                      "name": "HC Brook"
                    }
                  ],
                  "kind": "caught"
                }
              ]
            },
            {
              "batter": "J Overton",
              "bowler": "AU Rashid",
              "non_striker": "MDE Holden",
              "runs": {
                "batter": 0,
                "extras": 0,
                "total": 0
              }
            },
            {
              "batter": "J Overton",
              "bowler": "AU Rashid",
              "non_striker": "MDE Holden",
              "runs": {
                "batter": 2,
                "extras": 0,
                "total": 2
              }
            },
            {
              "batter": "J Overton",
              "bowler": "AU Rashid",
              "non_striker": "MDE Holden",
              "runs": {
                "batter": 0,
                "extras": 0,
                "total": 0
              },
              "wickets": [
                {
                  "player_out": "J Overton",
                  "fielders": [
                    {
                      "name": "BA Carse"
                    }
                  ],
                  "kind": "caught"
                }
              ]
            }
          ]
        },
        {
          "over": 19,
          "deliveries": [
            {
              "batter": "AJ Turner",
              "bowler": "RJW Topley",
              "extras": {
                "wides": 1
              },
              "non_striker": "MDE Holden",
              "runs": {
                "batter": 0,
                "extras": 1,
                "total": 1
              }
            },
            {
              "batter": "AJ Turner",
              "bowler": "RJW Topley",
              "non_striker": "MDE Holden",
              "runs": {
                "batter": 2,
                "extras": 0,
                "total": 2
              }
            },
            {
              "batter": "AJ Turner",
              "bowler": "RJW Topley",
              "non_striker": "MDE Holden",
              "runs": {
                "batter": 1,
                "extras": 0,
                "total": 1
              }
            },
            {
              "batter": "MDE Holden",
              "bowler": "RJW Topley",
              "non_striker": "AJ Turner",
              "runs": {
                "batter": 1,
                "extras": 0,
                "total": 1
              }
            },
            {
              "batter": "AJ Turner",
              "bowler": "RJW Topley",
              "non_striker": "MDE Holden",
              "runs": {
                "batter": 1,
                "extras": 0,
                "total": 1
              }
            },
            {
              "batter": "MDE Holden",
              "bowler": "RJW Topley",
              "non_striker": "AJ Turner",
              "runs": {
                "batter": 0,
                "extras": 0,
                "total": 0
              },
              "wickets": [
                {
                  "player_out": "MDE Holden",
                  "kind": "bowled"
                }
              ]
            }
          ]
        }
      ],
      "powerplays": [
        {
          "from": 0.1,
          "to": 4.5,
          "type": "mandatory"
        }
      ]
    },
    {
      "team": "Northern Superchargers",
      "overs": [
        {
          "over": 0,
          "deliveries": [
            {
              "batter": "A Lyth",
              "bowler": "JC Tongue",
              "non_striker": "MW Short",
              "runs": {
                "batter": 0,
                "extras": 0,
                "total": 0
              }
            },
            {
              "batter": "A Lyth",
              "bowler": "JC Tongue",
              "non_striker": "MW Short",
              "runs": {
                "batter": 1,
                "extras": 0,
                "total": 1
              }
            },
            {
              "batter": "MW Short",
              "bowler": "JC Tongue",
              "non_striker": "A Lyth",
              "runs": {
                "batter": 0,
                "extras": 0,
                "total": 0
              }
            },
            {
              "batter": "MW Short",
              "bowler": "JC Tongue",
              "non_striker": "A Lyth",
              "runs": {
                "batter": 0,
                "extras": 0,
                "total": 0
              }
            },
            {
              "batter": "MW Short",
              "bowler": "JC Tongue",
              "non_striker": "A Lyth",
              "runs": {
                "batter": 1,
                "extras": 0,
                "total": 1
              }
            }
          ]
        },
        {
          "over": 1,
          "deliveries": [
            {
              "batter": "A Lyth",
              "bowler": "J Overton",
              "non_striker": "MW Short",
              "runs": {
                "batter": 0,
                "extras": 0,
                "total": 0
              }
            },
            {
              "batter": "A Lyth",
              "bowler": "J Overton",
              "non_striker": "MW Short",
              "runs": {
                "batter": 0,
                "extras": 0,
                "total": 0
              },
              "wickets": [
                {
                  "player_out": "A Lyth",
                  "fielders": [
                    {
                      "name": "PI Walter"
                    }
                  ],
                  "kind": "caught"
                }
              ]
            },
            {
              "batter": "T Banton",
              "bowler": "J Overton",
              "non_striker": "MW Short",
              "runs": {
                "batter": 1,
                "extras": 0,
                "total": 1
              }
            },
            {
              "batter": "MW Short",
              "bowler": "J Overton",
              "non_striker": "T Banton",
              "runs": {
                "batter": 0,
                "extras": 0,
                "total": 0
              }
            },
            {
              "batter": "MW Short",
              "bowler": "J Overton",
              "non_striker": "T Banton",
              "runs": {
                "batter": 4,
                "extras": 0,
                "total": 4
              }
            }
          ]
        },
        {
          "over": 2,
          "deliveries": [
            {
              "batter": "T Banton",
              "bowler": "JC Tongue",
              "non_striker": "MW Short",
              "runs": {
                "batter": 0,
                "extras": 0,
                "total": 0
              }
            },
            {
              "batter": "T Banton",
              "bowler": "JC Tongue",
              "extras": {
                "legbyes": 1
              },
              "non_striker": "MW Short",
              "runs": {
                "batter": 0,
                "extras": 1,
                "total": 1
              }
            },
            {
              "batter": "MW Short",
              "bowler": "JC Tongue",
              "non_striker": "T Banton",
              "runs": {
                "batter": 1,
                "extras": 0,
                "total": 1
              }
            },
            {
              "batter": "T Banton",
              "bowler": "JC Tongue",
              "non_striker": "MW Short",
              "runs": {
                "batter": 4,
                "extras": 0,
                "total": 4
              }
            },
            {
              "batter": "T Banton",
              "bowler": "JC Tongue",
              "extras": {
                "wides": 1
              },
              "non_striker": "MW Short",
              "runs": {
                "batter": 0,
                "extras": 1,
                "total": 1
              }
            },
            {
              "batter": "T Banton",
              "bowler": "JC Tongue",
              "non_striker": "MW Short",
              "runs": {
                "batter": 1,
                "extras": 0,
                "total": 1
              }
            }
          ]
        },
        {
          "over": 3,
          "deliveries": [
            {
              "batter": "MW Short",
              "bowler": "TW Hartley",
              "non_striker": "T Banton",
              "runs": {
                "batter": 1,
                "extras": 0,
                "total": 1
              }
            },
            {
              "batter": "T Banton",
              "bowler": "TW Hartley",
              "non_striker": "MW Short",
              "runs": {
                "batter": 0,
                "extras": 0,
                "total": 0
              },
              "wickets": [
                {
                  "player_out": "T Banton",
                  "fielders": [
                    {
                      "name": "CG Harrison"
                    }
                  ],
                  "kind": "caught"
                }
              ]
            },
            {
              "batter": "AJ Hose",
              "bowler": "TW Hartley",
              "non_striker": "MW Short",
              "runs": {
                "batter": 1,
                "extras": 0,
                "total": 1
              }
            },
            {
              "batter": "MW Short",
              "bowler": "TW Hartley",
              "non_striker": "AJ Hose",
              "runs": {
                "batter": 3,
                "extras": 0,
                "total": 3
              }
            },
            {
              "batter": "AJ Hose",
              "bowler": "TW Hartley",
              "non_striker": "MW Short",
              "runs": {
                "batter": 4,
                "extras": 0,
                "total": 4
              }
            }
          ]
        },
        {
          "over": 4,
          "deliveries": [
            {
              "batter": "MW Short",
              "bowler": "JC Tongue",
              "non_striker": "AJ Hose",
              "runs": {
                "batter": 1,
                "extras": 0,
                "total": 1
              }
            },
            {
              "batter": "AJ Hose",
              "bowler": "JC Tongue",
              "non_striker": "MW Short",
              "runs": {
                "batter": 4,
                "extras": 0,
                "total": 4
              }
            },
            {
              "batter": "AJ Hose",
              "bowler": "JC Tongue",
              "non_striker": "MW Short",
              "runs": {
                "batter": 2,
                "extras": 0,
                "total": 2
              }
            },
            {
              "batter": "AJ Hose",
              "bowler": "JC Tongue",
              "non_striker": "MW Short",
              "runs": {
                "batter": 4,
                "extras": 0,
                "total": 4
              }
            },
            {
              "batter": "AJ Hose",
              "bowler": "JC Tongue",
              "non_striker": "MW Short",
              "review": {
                "by": "Manchester Originals",
                "umpire": "James Middlebrook",
                "batter": "AJ Hose",
                "decision": "upheld"
              },
              "runs": {
                "batter": 0,
                "extras": 0,
                "total": 0
              },
              "wickets": [
                {
                  "player_out": "AJ Hose",
                  "fielders": [
                    {
                      "name": "JC Buttler"
                    }
                  ],
                  "kind": "caught"
                }
              ]
            }
          ]
        },
        {
          "over": 5,
          "deliveries": [
            {
              "batter": "HC Brook",
              "bowler": "Zaman Khan",
              "non_striker": "MW Short",
              "runs": {
                "batter": 0,
                "extras": 0,
                "total": 0
              }
            },
            {
              "batter": "HC Brook",
              "bowler": "Zaman Khan",
              "non_striker": "MW Short",
              "runs": {
                "batter": 0,
                "extras": 0,
                "total": 0
              }
            },
            {
              "batter": "HC Brook",
              "bowler": "Zaman Khan",
              "non_striker": "MW Short",
              "runs": {
                "batter": 0,
                "extras": 0,
                "total": 0
              }
            },
            {
              "batter": "HC Brook",
              "bowler": "Zaman Khan",
              "non_striker": "MW Short",
              "runs": {
                "batter": 1,
                "extras": 0,
                "total": 1
              }
            },
            {
              "batter": "MW Short",
              "bowler": "Zaman Khan",
              "non_striker": "HC Brook",
              "runs": {
                "batter": 1,
                "extras": 0,
                "total": 1
              }
            }
          ]
        },
        {
          "over": 6,
          "deliveries": [
            {
              "batter": "MW Short",
              "bowler": "CG Harrison",
              "non_striker": "HC Brook",
              "runs": {
                "batter": 0,
                "extras": 0,
                "total": 0
              }
            },
            {
              "batter": "MW Short",
              "bowler": "CG Harrison",
              "non_striker": "HC Brook",
              "runs": {
                "batter": 0,
                "extras": 0,
                "total": 0
              },
              "wickets": [
                {
                  "player_out": "MW Short",
                  "fielders": [
                    {
                      "name": "JC Buttler"
                    }
                  ],
                  "kind": "stumped"
                }
              ]
            },
            {
              "batter": "WD Parnell",
              "bowler": "CG Harrison",
              "non_striker": "HC Brook",
              "runs": {
                "batter": 1,
                "extras": 0,
                "total": 1
              }
            },
            {
              "batter": "HC Brook",
              "bowler": "CG Harrison",
              "non_striker": "WD Parnell",
              "runs": {
                "batter": 0,
                "extras": 0,
                "total": 0
              }
            },
            {
              "batter": "HC Brook",
              "bowler": "CG Harrison",
              "non_striker": "WD Parnell",
              "runs": {
                "batter": 1,
                "extras": 0,
                "total": 1
              }
            }
          ]
        },
        {
          "over": 7,
          "deliveries": [
            {
              "batter": "WD Parnell",
              "bowler": "TW Hartley",
              "non_striker": "HC Brook",
              "runs": {
                "batter": 6,
                "extras": 0,
                "total": 6
              }
            },
            {
              "batter": "WD Parnell",
              "bowler": "TW Hartley",
              "non_striker": "HC Brook",
              "runs": {
                "batter": 2,
                "extras": 0,
                "total": 2
              }
            },
            {
              "batter": "WD Parnell",
              "bowler": "TW Hartley",
              "non_striker": "HC Brook",
              "runs": {
                "batter": 0,
                "extras": 0,
                "total": 0
              }
            },
            {
              "batter": "WD Parnell",
              "bowler": "TW Hartley",
              "non_striker": "HC Brook",
              "runs": {
                "batter": 1,
                "extras": 0,
                "total": 1
              }
            },
            {
              "batter": "HC Brook",
              "bowler": "TW Hartley",
              "non_striker": "WD Parnell",
              "runs": {
                "batter": 0,
                "extras": 0,
                "total": 0
              },
              "wickets": [
                {
                  "player_out": "HC Brook",
                  "kind": "bowled"
                }
              ]
            }
          ]
        },
        {
          "over": 8,
          "deliveries": [
            {
              "batter": "WD Parnell",
              "bowler": "CG Harrison",
              "non_striker": "BA Carse",
              "runs": {
                "batter": 0,
                "extras": 0,
                "total": 0
              }
            },
            {
              "batter": "WD Parnell",
              "bowler": "CG Harrison",
              "non_striker": "BA Carse",
              "runs": {
                "batter": 1,
                "extras": 0,
                "total": 1
              }
            },
            {
              "batter": "BA Carse",
              "bowler": "CG Harrison",
              "non_striker": "WD Parnell",
              "runs": {
                "batter": 1,
                "extras": 0,
                "total": 1
              }
            },
            {
              "batter": "WD Parnell",
              "bowler": "CG Harrison",
              "non_striker": "BA Carse",
              "runs": {
                "batter": 0,
                "extras": 0,
                "total": 0
              },
              "wickets": [
                {
                  "player_out": "WD Parnell",
                  "fielders": [
                    {
                      "name": "Zaman Khan"
                    }
                  ],
                  "kind": "caught"
                }
              ]
            },
            {
              "batter": "D Wiese",
              "bowler": "CG Harrison",
              "non_striker": "BA Carse",
              "runs": {
                "batter": 1,
                "extras": 0,
                "total": 1
              }
            }
          ]
        },
        {
          "over": 9,
          "deliveries": [
            {
              "batter": "BA Carse",
              "bowler": "TW Hartley",
              "non_striker": "D Wiese",
              "runs": {
                "batter": 0,
                "extras": 0,
                "total": 0
              }
            },
            {
              "batter": "BA Carse",
              "bowler": "TW Hartley",
              "non_striker": "D Wiese",
              "runs": {
                "batter": 1,
                "extras": 0,
                "total": 1
              }
            },
            {
              "batter": "D Wiese",
              "bowler": "TW Hartley",
              "non_striker": "BA Carse",
              "runs": {
                "batter": 0,
                "extras": 0,
                "total": 0
              }
            },
            {
              "batter": "D Wiese",
              "bowler": "TW Hartley",
              "non_striker": "BA Carse",
              "runs": {
                "batter": 2,
                "extras": 0,
                "total": 2
              }
            },
            {
              "batter": "D Wiese",
              "bowler": "TW Hartley",
              "non_striker": "BA Carse",
              "runs": {
                "batter": 1,
                "extras": 0,
                "total": 1
              }
            }
          ]
        },
        {
          "over": 10,
          "deliveries": [
            {
              "batter": "D Wiese",
              "bowler": "CG Harrison",
              "non_striker": "BA Carse",
              "review": {
                "by": "Northern Superchargers",
                "umpire": "Hassan Adnan",
                "batter": "D Wiese",
                "decision": "struck down"
              },
              "runs": {
                "batter": 0,
                "extras": 0,
                "total": 0
              },
              "wickets": [
                {
                  "player_out": "D Wiese",
                  "fielders": [
                    {
                      "name": "JC Buttler"
                    }
                  ],
                  "kind": "caught"
                }
              ]
            },
            {
              "batter": "AU Rashid",
              "bowler": "CG Harrison",
              "non_striker": "BA Carse",
              "runs": {
                "batter": 0,
                "extras": 0,
                "total": 0
              }
            },
            {
              "batter": "AU Rashid",
              "bowler": "CG Harrison",
              "non_striker": "BA Carse",
              "runs": {
                "batter": 0,
                "extras": 0,
                "total": 0
              }
            },
            {
              "batter": "AU Rashid",
              "bowler": "CG Harrison",
              "non_striker": "BA Carse",
              "runs": {
                "batter": 1,
                "extras": 0,
                "total": 1
              }
            },
            {
              "batter": "BA Carse",
              "bowler": "CG Harrison",
              "non_striker": "AU Rashid",
              "runs": {
                "batter": 0,
                "extras": 0,
                "total": 0
              },
              "wickets": [
                {
                  "player_out": "BA Carse",
                  "fielders": [
                    {
                      "name": "JC Tongue"
                    }
                  ],
                  "kind": "caught"
                }
              ]
            }
          ]
        },
        {
          "over": 11,
          "deliveries": [
            {
              "batter": "CF Parkinson",
              "bowler": "CG Harrison",
              "non_striker": "AU Rashid",
              "runs": {
                "batter": 1,
                "extras": 0,
                "total": 1
              }
            },
            {
              "batter": "AU Rashid",
              "bowler": "CG Harrison",
              "non_striker": "CF Parkinson",
              "runs": {
                "batter": 0,
                "extras": 0,
                "total": 0
              }
            },
            {
              "batter": "AU Rashid",
              "bowler": "CG Harrison",
              "extras": {
                "legbyes": 3
              },
              "non_striker": "CF Parkinson",
              "runs": {
                "batter": 0,
                "extras": 3,
                "total": 3
              }
            },
            {
              "batter": "CF Parkinson",
              "bowler": "CG Harrison",
              "non_striker": "AU Rashid",
              "runs": {
                "batter": 0,
                "extras": 0,
                "total": 0
              },
              "wickets": [
                {
                  "player_out": "CF Parkinson",
                  "kind": "bowled"
                }
              ]
            },
            {
              "batter": "RJW Topley",
              "bowler": "CG Harrison",
              "non_striker": "AU Rashid",
              "runs": {
                "batter": 4,
                "extras": 0,
                "total": 4
              }
            }
          ]
        },
        {
          "over": 12,
          "deliveries": [
            {
              "batter": "AU Rashid",
              "bowler": "Zaman Khan",
              "non_striker": "RJW Topley",
              "runs": {
                "batter": 1,
                "extras": 0,
                "total": 1
              }
            },
            {
              "batter": "RJW Topley",
              "bowler": "Zaman Khan",
              "non_striker": "AU Rashid",
              "runs": {
                "batter": 0,
                "extras": 0,
                "total": 0
              }
            },
            {
              "batter": "RJW Topley",
              "bowler": "Zaman Khan",
              "non_striker": "AU Rashid",
              "runs": {
                "batter": 0,
                "extras": 0,
                "total": 0
              }
            },
            {
              "batter": "RJW Topley",
              "bowler": "Zaman Khan",
              "non_striker": "AU Rashid",
              "runs": {
                "batter": 4,
                "extras": 0,
                "total": 4
              }
            },
            {
              "batter": "RJW Topley",
              "bowler": "Zaman Khan",
              "non_striker": "AU Rashid",
              "runs": {
                "batter": 1,
                "extras": 0,
                "total": 1
              }
            }
          ]
        },
        {
          "over": 13,
          "deliveries": [
            {
              "batter": "AU Rashid",
              "bowler": "TW Hartley",
              "non_striker": "RJW Topley",
              "runs": {
                "batter": 0,
                "extras": 0,
                "total": 0
              }
            },
            {
              "batter": "AU Rashid",
              "bowler": "TW Hartley",
              "non_striker": "RJW Topley",
              "runs": {
                "batter": 1,
                "extras": 0,
                "total": 1
              }
            },
            {
              "batter": "RJW Topley",
              "bowler": "TW Hartley",
              "non_striker": "AU Rashid",
              "runs": {
                "batter": 1,
                "extras": 0,
                "total": 1
              }
            },
            {
              "batter": "AU Rashid",
              "bowler": "TW Hartley",
              "non_striker": "RJW Topley",
              "runs": {
                "batter": 1,
                "extras": 0,
                "total": 1
              }
            },
            {
              "batter": "RJW Topley",
              "bowler": "TW Hartley",
              "non_striker": "AU Rashid",
              "runs": {
                "batter": 0,
                "extras": 0,
                "total": 0
              }
            }
          ]
        },
        {
          "over": 14,
          "deliveries": [
            {
              "batter": "AU Rashid",
              "bowler": "Zaman Khan",
              "non_striker": "RJW Topley",
              "runs": {
                "batter": 4,
                "extras": 0,
                "total": 4
              }
            },
            {
              "batter": "AU Rashid",
              "bowler": "Zaman Khan",
              "non_striker": "RJW Topley",
              "runs": {
                "batter": 4,
                "extras": 0,
                "total": 4
              }
            },
            {
              "batter": "AU Rashid",
              "bowler": "Zaman Khan",
              "non_striker": "RJW Topley",
              "runs": {
                "batter": 1,
                "extras": 0,
                "total": 1
              }
            },
            {
              "batter": "RJW Topley",
              "bowler": "Zaman Khan",
              "non_striker": "AU Rashid",
              "runs": {
                "batter": 1,
                "extras": 0,
                "total": 1
              }
            },
            {
              "batter": "AU Rashid",
              "bowler": "Zaman Khan",
              "non_striker": "RJW Topley",
              "runs": {
                "batter": 0,
                "extras": 0,
                "total": 0
              }
            }
          ]
        },
        {
          "over": 15,
          "deliveries": [
            {
              "batter": "AU Rashid",
              "bowler": "JC Tongue",
              "non_striker": "RJW Topley",
              "runs": {
                "batter": 0,
                "extras": 0,
                "total": 0
              },
              "wickets": [
                {
                  "player_out": "AU Rashid",
                  "fielders": [
                    {
                      "name": "LJ Evans"
                    }
                  ],
                  "kind": "caught"
                }
              ]
            }
          ]
        }
      ],
      "powerplays": [
        {
          "from": 0.1,
          "to": 4.5,
          "type": "mandatory"
        }
      ],
      "target": {
        "overs": 20,
        "runs": 165
      }
    }
  ]
}