{
  "meta": {
    "data_version": "1.1.0",
    "created": "2023-08-07",
    "revision": 1
  },
  "info": {
    "balls_per_over": 5,
    "city": "Southampton",
    "dates": [
      "2023-08-06"
    ],
    "event": {
      "name": "The Hundred Men's Competition",
      "match_number": 8
    },
    "gender": "male",
    "match_type": "T20",
    "officials": {
      "match_referees": [
        "Phil Whitticase"
      ],
      "reserve_umpires": [
        "BJ Peverall"
      ],
      "tv_umpires": [
        "NL Bainton"
      ],
      "umpires": [
        "BJ Debenham",
        "ID Blackwell"
      ]
    },
    "outcome": {
      "winner": "Northern Superchargers",
      "by": {
        "runs": 60
      }
    },
    "overs": 20,
    "player_of_match": [
      "MW Short"
    ],
    "players": {
      "Northern Superchargers": [
        "T Banton",
        "MW Short",
        "HC Brook",
        "D Wiese",
        "AJ Hose",
        "SA Zaib",
        "BA Carse",
        "WD Parnell",
        "AU Rashid",
        "RJW Topley",
        "CF Parkinson"
      ],
      "Southern Brave": [
        "DP Conway",
        "FH Allen",
        "JM Vince",
        "JL du Plooy",
        "TH David",
        "JJ Weatherley",
        "GHS Garton",
        "JK Fuller",
        "Rehan Ahmed",
        "C Overton",
        "TS Mills"
      ]
    },
    "registry": {
      "people": {
        "AJ Hose": "104e88a4",
        "AU Rashid": "249d60c9",
        "BA Carse": "cad40f5e",
        "BJ Debenham": "524a3a82",
        "BJ Peverall": "3e04e05a",
        "C Overton": "e9987a94",
        "CF Parkinson": "aa1210d8",
        "D Wiese": "aa8d28ae",
        "DP Conway": "df5a6881",
        "FH Allen": "bf74b130",
        "GHS Garton": "be869ccf",
        "HC Brook": "4ae1755b",
        "ID Blackwell": "818e8bf2",
        "JJ Weatherley": "a05d0552",
        "JK Fuller": "dda5aae5",
        "JL du Plooy": "6e6fb538",
        "JM Vince": "a15618fe",
        "MW Short": "a90e53ec",
        "NL Bainton": "cd219cb3",
        "Phil Whitticase": "99d5f6fa",
        "RJW Topley": "8db7f47f",
        "Rehan Ahmed": "0ecb4de6",
        "SA Zaib": "ab01e323",
        "T Banton": "25f7b7d6",
        "TH David": "f1f99156",
        "TS Mills": "245c97cb",
        "WD Parnell": "3a60e0b5"
      }
    },
    "season": "2023",
    "team_type": "club",
    "teams": [
      "Northern Superchargers",
      "Southern Brave"
    ],
    "toss": {
      "decision": "field",
      "winner": "Southern Brave"
    },
    "venue": "The Rose Bowl, Southampton"
  },
  "innings": [
    {
      "team": "Northern Superchargers",
      "overs": [
        {
          "over": 0,
          "deliveries": [
            {
              "batter": "T Banton",
              "bowler": "C Overton",
              "non_striker": "MW Short",
              "runs": {
                "batter": 1,
                "extras": 0,
                "total": 1
              }
            },
            {
              "batter": "MW Short",
              "bowler": "C Overton",
              "non_striker": "T Banton",
              "runs": {
                "batter": 4,
                "extras": 0,
                "total": 4
              }
            },
            {
              "batter": "MW Short",
              "bowler": "C Overton",
              "non_striker": "T Banton",
              "runs": {
                "batter": 0,
                "extras": 0,
                "total": 0
              }
            },
            {
              "batter": "MW Short",
              "bowler": "C Overton",
              "non_striker": "T Banton",
              "runs": {
                "batter": 0,
                "extras": 0,
                "total": 0
              }
            },
            {
              "batter": "MW Short",
              "bowler": "C Overton",
              "non_striker": "T Banton",
              "review": {
                "by": "Northern Superchargers",
                "umpire": "ID Blackwell",
                "batter": "MW Short",
                "decision": "upheld"
              },
              "runs": {
                "batter": 0,
                "extras": 0,
                "total": 0
              }
            }
          ]
        },
        {
          "over": 1,
          "deliveries": [
            {
              "batter": "MW Short",
              "bowler": "GHS Garton",
              "extras": {
                "noballs": 2
              },
              "non_striker": "T Banton",
              "runs": {
                "batter": 0,
                "extras": 2,
                "total": 2
              }
            },
            {
              "batter": "MW Short",
              "bowler": "GHS Garton",
              "non_striker": "T Banton",
              "runs": {
                "batter": 0,
                "extras": 0,
                "total": 0
              }
            },
            {
              "batter": "MW Short",
              "bowler": "GHS Garton",
              "non_striker": "T Banton",
              "runs": {
                "batter": 1,
                "extras": 0,
                "total": 1
              }
            },
            {
              "batter": "T Banton",
              "bowler": "GHS Garton",
              "non_striker": "MW Short",
              "runs": {
                "batter": 0,
                "extras": 0,
                "total": 0
              }
            },
            {
              "batter": "T Banton",
              "bowler": "GHS Garton",
              "non_striker": "MW Short",
              "runs": {
                "batter": 0,
                "extras": 0,
                "total": 0
              }
            },
            {
              "batter": "T Banton",
              "bowler": "GHS Garton",
              "non_striker": "MW Short",
              "runs": {
                "batter": 0,
                "extras": 0,
                "total": 0
              }
            }
          ]
        },
        {
          "over": 2,
          "deliveries": [
            {
              "batter": "MW Short",
              "bowler": "C Overton",
              "non_striker": "T Banton",
              "runs": {
                "batter": 0,
                "extras": 0,
                "total": 0
              }
            },
            {
              "batter": "MW Short",
              "bowler": "C Overton",
              "non_striker": "T Banton",
              "runs": {
                "batter": 6,
                "extras": 0,
                "total": 6
              }
            },
            {
              "batter": "MW Short",
              "bowler": "C Overton",
              "non_striker": "T Banton",
              "runs": {
                "batter": 4,
                "extras": 0,
                "total": 4
              }
            },
            {
              "batter": "MW Short",
              "bowler": "C Overton",
              "non_striker": "T Banton",
              "runs": {
                "batter": 1,
                "extras": 0,
                "total": 1
              }
            },
            {
              "batter": "T Banton",
              "bowler": "C Overton",
              "non_striker": "MW Short",
              "runs": {
                "batter": 0,
                "extras": 0,
                "total": 0
              }
            }
          ]
        },
        {
          "over": 3,
          "deliveries": [
            {
              "batter": "T Banton",
              "bowler": "GHS Garton",
              "non_striker": "MW Short",
              "runs": {
                "batter": 1,
                "extras": 0,
                "total": 1
              }
            },
            {
              "batter": "MW Short",
              "bowler": "GHS Garton",
              "non_striker": "T Banton",
              "runs": {
                "batter": 0,
                "extras": 0,
                "total": 0
              }
            },
            {
              "batter": "MW Short",
              "bowler": "GHS Garton",
              "non_striker": "T Banton",
              "runs": {
                "batter": 4,
                "extras": 0,
                "total": 4
              }
            },
            {
              "batter": "MW Short",
              "bowler": "GHS Garton",
              "non_striker": "T Banton",
              "runs": {
                "batter": 4,
                "extras": 0,
                "total": 4
              }
            },
            {
              "batter": "MW Short",
              "bowler": "GHS Garton",
              "non_striker": "T Banton",
              "runs": {
                "batter": 1,
                "extras": 0,
                "total": 1
              }
            }
          ]
        },
        {
          "over": 4,
          "deliveries": [
            {
              "batter": "MW Short",
              "bowler": "JK Fuller",
              "extras": {
                "wides": 1
              },
              "non_striker": "T Banton",
              "runs": {
                "batter": 0,
                "extras": 1,
                "total": 1
              }
            },
            {
              "batter": "MW Short",
              "bowler": "JK Fuller",
              "non_striker": "T Banton",
              "runs": {
                "batter": 4,
                "extras": 0,
                "total": 4
              }
            },
            {
              "batter": "MW Short",
              "bowler": "JK Fuller",
              "non_striker": "T Banton",
              "runs": {
                "batter": 4,
                "extras": 0,
                "total": 4
              }
            },
            {
              "batter": "MW Short",
              "bowler": "JK Fuller",
              "non_striker": "T Banton",
              "runs": {
                "batter": 6,
                "extras": 0,
                "total": 6
              }
            },
            {
              "batter": "MW Short",
              "bowler": "JK Fuller",
              "non_striker": "T Banton",
              "runs": {
                "batter": 6,
                "extras": 0,
                "total": 6
              }
            },
            {
              "batter": "MW Short",
              "bowler": "JK Fuller",
              "non_striker": "T Banton",
              "runs": {
                "batter": 4,
                "extras": 0,
                "total": 4
              }
            }
          ]
        },
        {
          "over": 5,
          "deliveries": [
            {
              "batter": "MW Short",
              "bowler": "Rehan Ahmed",
              "non_striker": "T Banton",
              "runs": {
                "batter": 1,
                "extras": 0,
                "total": 1
              }
            },
            {
              "batter": "T Banton",
              "bowler": "Rehan Ahmed",
              "extras": {
                "legbyes": 1
              },
              "non_striker": "MW Short",
              "runs": {
                "batter": 0,
                "extras": 1,
                "total": 1
              }
            },
            {
              "batter": "MW Short",
              "bowler": "Rehan Ahmed",
              "non_striker": "T Banton",
              "runs": {
                "batter": 4,
                "extras": 0,
                "total": 4
              }
            },
            {
              "batter": "MW Short",
              "bowler": "Rehan Ahmed",
              "non_striker": "T Banton",
              "runs": {
                "batter": 1,
                "extras": 0,
                "total": 1
              }
            },
            {
              "batter": "T Banton",
              "bowler": "Rehan Ahmed",
              "non_striker": "MW Short",
              "runs": {
                "batter": 2,
                "extras": 0,
                "total": 2
              }
            }
          ]
        },
        {
          "over": 6,
          "deliveries": [
            {
              "batter": "MW Short",
              "bowler": "TH David",
              "non_striker": "T Banton",
              "runs": {
                "batter": 1,
                "extras": 0,
                "total": 1
              }
            },
            {
              "batter": "T Banton",
              "bowler": "TH David",
              "non_striker": "MW Short",
              "runs": {
                "batter": 1,
                "extras": 0,
                "total": 1
              }
            },
            {
              "batter": "MW Short",
              "bowler": "TH David",
              "non_striker": "T Banton",
              "runs": {
                "batter": 2,
                "extras": 0,
                "total": 2
              }
            },
            {
              "batter": "MW Short",
              "bowler": "TH David",
              "non_striker": "T Banton",
              "runs": {
                "batter": 0,
                "extras": 0,
                "total": 0
              }
            },
            {
              "batter": "MW Short",
              "bowler": "TH David",
              "non_striker": "T Banton",
              "runs": {
                "batter": 1,
                "extras": 0,
                "total": 1
              }
            }
          ]
        },
        {
          "over": 7,
          "deliveries": [
            {
              "batter": "T Banton",
              "bowler": "Rehan Ahmed",
              "non_striker": "MW Short",
              "runs": {
                "batter": 1,
                "extras": 0,
                "total": 1
              }
            },
            {
              "batter": "MW Short",
              "bowler": "Rehan Ahmed",
              "non_striker": "T Banton",
              "runs": {
                "batter": 1,
                "extras": 0,
                "total": 1
              }
            },
            {
              "batter": "T Banton",
              "bowler": "Rehan Ahmed",
              "non_striker": "MW Short",
              "runs": {
                "batter": 1,
                "extras": 0,
                "total": 1
              }
            },
            {
              "batter": "MW Short",
              "bowler": "Rehan Ahmed",
              "non_striker": "T Banton",
              "runs": {
                "batter": 1,
                "extras": 0,
                "total": 1
              }
            },
            {
              "batter": "T Banton",
              "bowler": "Rehan Ahmed",
              "non_striker": "MW Short",
              "runs": {
                "batter": 1,
                "extras": 0,
                "total": 1
              }
            }
          ]
        },
        {
          "over": 8,
          "deliveries": [
            {
              "batter": "T Banton",
              "bowler": "TS Mills",
              "non_striker": "MW Short",
              "runs": {
                "batter": 1,
                "extras": 0,
                "total": 1
              }
            },
            {
              "batter": "MW Short",
              "bowler": "TS Mills",
              "non_striker": "T Banton",
              "runs": {
                "batter": 1,
                "extras": 0,
                "total": 1
              }
            },
            {
              "batter": "T Banton",
              "bowler": "TS Mills",
              "non_striker": "MW Short",
              "runs": {
                "batter": 1,
                "extras": 0,
                "total": 1
              }
            },
            {
              "batter": "MW Short",
              "bowler": "TS Mills",
              "non_striker": "T Banton",
              "runs": {
                "batter": 2,
                "extras": 0,
                "total": 2
              }
            },
            {
              "batter": "MW Short",
              "bowler": "TS Mills",
              "non_striker": "T Banton",
              "runs": {
                "batter": 6,
                "extras": 0,
                "total": 6
              }
            }
          ]
        },
        {
          "over": 9,
          "deliveries": [
            {
              "batter": "MW Short",
              "bowler": "GHS Garton",
              "non_striker": "T Banton",
              "runs": {
                "batter": 2,
                "extras": 0,
                "total": 2
              }
            },
            {
              "batter": "MW Short",
              "bowler": "GHS Garton",
              "extras": {
                "noballs": 2
              },
              "non_striker": "T Banton",
              "runs": {
                "batter": 1,
                "extras": 2,
                "total": 3
              }
            },
            {
              "batter": "T Banton",
              "bowler": "GHS Garton",
              "non_striker": "MW Short",
              "runs": {
                "batter": 4,
                "extras": 0,
                "total": 4
              }
            },
            {
              "batter": "T Banton",
              "bowler": "GHS Garton",
              "non_striker": "MW Short",
              "runs": {
                "batter": 2,
                "extras": 0,
                "total": 2
              }
            },
            {
              "batter": "T Banton",
              "bowler": "GHS Garton",
              "non_striker": "MW Short",
              "runs": {
                "batter": 0,
                "extras": 0,
                "total": 0
              }
            },
            {
              "batter": "T Banton",
              "bowler": "GHS Garton",
              "non_striker": "MW Short",
              "runs": {
                "batter": 1,
                "extras": 0,
                "total": 1
              }
            }
          ]
        },
        {
          "over": 10,
          "deliveries": [
            {
              "batter": "T Banton",
              "bowler": "Rehan Ahmed",
              "extras": {
                "byes": 1
              },
              "non_striker": "MW Short",
              "runs": {
                "batter": 0,
                "extras": 1,
                "total": 1
              }
            },
            {
              "batter": "MW Short",
              "bowler": "Rehan Ahmed",
              "non_striker": "T Banton",
              "runs": {
                "batter": 0,
                "extras": 0,
                "total": 0
              }
            },
            {
              "batter": "MW Short",
              "bowler": "Rehan Ahmed",
              "non_striker": "T Banton",
              "runs": {
                "batter": 0,
                "extras": 0,
                "total": 0
              },
              "wickets": [
                {
                  "player_out": "MW Short",
                  "fielders": [
                    {
                      "name": "GHS Garton"
                    }
                  ],
                  "kind": "caught"
                }
              ]
            },
            {
              "batter": "HC Brook",
              "bowler": "Rehan Ahmed",
              "non_striker": "T Banton",
              "runs": {
                "batter": 2,
                "extras": 0,
                "total": 2
              }
            },
            {
              "batter": "HC Brook",
              "bowler": "Rehan Ahmed",
              "non_striker": "T Banton",
              "runs": {
                "batter": 1,
                "extras": 0,
                "total": 1
              }
            }
          ]
        },
        {
          "over": 11,
          "deliveries": [
            {
              "batter": "T Banton",
              "bowler": "JL du Plooy",
              "non_striker": "HC Brook",
              "runs": {
                "batter": 1,
                "extras": 0,
                "total": 1
              }
            },
            {
              "batter": "HC Brook",
              "bowler": "JL du Plooy",
              "extras": {
                "noballs": 2
              },
              "non_striker": "T Banton",
              "runs": {
                "batter": 1,
                "extras": 2,
                "total": 3
              }
            },
            {
              "batter": "T Banton",
              "bowler": "JL du Plooy",
              "non_striker": "HC Brook",
              "runs": {
                "batter": 2,
                "extras": 0,
                "total": 2
              }
            },
            {
              "batter": "T Banton",
              "bowler": "JL du Plooy",
              "non_striker": "HC Brook",
              "runs": {
                "batter": 4,
                "extras": 0,
                "total": 4
              }
            },
            {
              "batter": "T Banton",
              "bowler": "JL du Plooy",
              "non_striker": "HC Brook",
              "runs": {
                "batter": 0,
                "extras": 0,
                "total": 0
              }
            },
            {
              "batter": "T Banton",
              "bowler": "JL du Plooy",
              "non_striker": "HC Brook",
              "runs": {
                "batter": 6,
                "extras": 0,
                "total": 6
              }
            }
          ]
        },
        {
          "over": 12,
          "deliveries": [
            {
              "batter": "HC Brook",
              "bowler": "C Overton",
              "non_striker": "T Banton",
              "runs": {
                "batter": 0,
                "extras": 0,
                "total": 0
              }
            },
            {
              "batter": "HC Brook",
              "bowler": "C Overton",
              "non_striker": "T Banton",
              "runs": {
                "batter": 1,
                "extras": 0,
                "total": 1
              }
            },
            {
              "batter": "T Banton",
              "bowler": "C Overton",
              "non_striker": "HC Brook",
              "runs": {
                "batter": 1,
                "extras": 0,
                "total": 1
              }
            },
            {
              "batter": "HC Brook",
              "bowler": "C Overton",
              "non_striker": "T Banton",
              "runs": {
                "batter": 4,
                "extras": 0,
                "total": 4
              }
            },
            {
              "batter": "HC Brook",
              "bowler": "C Overton",
              "non_striker": "T Banton",
              "runs": {
                "batter": 1,
                "extras": 0,
                "total": 1
              }
            }
          ]
        },
        {
          "over": 13,
          "deliveries": [
            {
              "batter": "T Banton",
              "bowler": "TS Mills",
              "extras": {
                "wides": 1
              },
              "non_striker": "HC Brook",
              "runs": {
                "batter": 0,
                "extras": 1,
                "total": 1
              }
            },
            {
              "batter": "T Banton",
              "bowler": "TS Mills",
              "non_striker": "HC Brook",
              "runs": {
                "batter": 4,
                "extras": 0,
                "total": 4
              }
            },
            {
              "batter": "T Banton",
              "bowler": "TS Mills",
              "non_striker": "HC Brook",
              "runs": {
                "batter": 1,
                "extras": 0,
                "total": 1
              }
            },
            {
              "batter": "HC Brook",
              "bowler": "TS Mills",
              "non_striker": "T Banton",
              "runs": {
                "batter": 1,
                "extras": 0,
                "total": 1
              }
            },
            {
              "batter": "T Banton",
              "bowler": "TS Mills",
              "non_striker": "HC Brook",
              "runs": {
                "batter": 4,
                "extras": 0,
                "total": 4
              }
            },
            {
              "batter": "T Banton",
              "bowler": "TS Mills",
              "non_striker": "HC Brook",
              "runs": {
                "batter": 0,
                "extras": 0,
                "total": 0
              }
            }
          ]
        },
        {
          "over": 14,
          "deliveries": [
            {
              "batter": "HC Brook",
              "bowler": "Rehan Ahmed",
              "non_striker": "T Banton",
              "runs": {
                "batter": 1,
                "extras": 0,
                "total": 1
              }
            },
            {
              "batter": "T Banton",
              "bowler": "Rehan Ahmed",
              "non_striker": "HC Brook",
              "runs": {
                "batter": 1,
                "extras": 0,
                "total": 1
              }
            },
            {
              "batter": "HC Brook",
              "bowler": "Rehan Ahmed",
              "non_striker": "T Banton",
              "runs": {
                "batter": 1,
                "extras": 0,
                "total": 1
              }
            },
            {
              "batter": "T Banton",
              "bowler": "Rehan Ahmed",
              "non_striker": "HC Brook",
              "runs": {
                "batter": 1,
                "extras": 0,
                "total": 1
              }
            },
            {
              "batter": "HC Brook",
              "bowler": "Rehan Ahmed",
              "non_striker": "T Banton",
              "runs": {
                "batter": 1,
                "extras": 0,
                "total": 1
              }
            }
          ]
        },
        {
          "over": 15,
          "deliveries": [
            {
              "batter": "T Banton",
              "bowler": "TH David",
              "non_striker": "HC Brook",
              "runs": {
                "batter": 1,
                "extras": 0,
                "total": 1
              }
            },
            {
              "batter": "HC Brook",
              "bowler": "TH David",
              "non_striker": "T Banton",
              "runs": {
                "batter": 6,
                "extras": 0,
                "total": 6
              }
            },
            {
              "batter": "HC Brook",
              "bowler": "TH David",
              "non_striker": "T Banton",
              "runs": {
                "batter": 6,
                "extras": 0,
                "total": 6
              }
            },
            {
              "batter": "HC Brook",
              "bowler": "TH David",
              "non_striker": "T Banton",
              "runs": {
                "batter": 6,
                "extras": 0,
                "total": 6
              }
            },
            {
              "batter": "HC Brook",
              "bowler": "TH David",
              "non_striker": "T Banton",
              "runs": {
                "batter": 1,
                "extras": 0,
                "total": 1
              }
            }
          ]
        },
        {
          "over": 16,
          "deliveries": [
            {
              "batter": "HC Brook",
              "bowler": "GHS Garton",
              "non_striker": "T Banton",
              "runs": {
                "batter": 2,
                "extras": 0,
                "total": 2
              }
            },
            {
              "batter": "HC Brook",
              "bowler": "GHS Garton",
              "extras": {
                "wides": 1
              },
              "non_striker": "T Banton",
              "runs": {
                "batter": 0,
                "extras": 1,
                "total": 1
              }
            },
            {
              "batter": "HC Brook",
              "bowler": "GHS Garton",
              "non_striker": "T Banton",
              "runs": {
                "batter": 1,
                "extras": 0,
                "total": 1
              }
            },
            {
              "batter": "T Banton",
              "bowler": "GHS Garton",
              "non_striker": "HC Brook",
              "runs": {
                "batter": 1,
                "extras": 0,
                "total": 1
              }
            },
            {
              "batter": "HC Brook",
              "bowler": "GHS Garton",
              "non_striker": "T Banton",
              "runs": {
                "batter": 2,
                "extras": 0,
                "total": 2
              }
            },
            {
              "batter": "HC Brook",
              "bowler": "GHS Garton",
              "extras": {
                "wides": 1
              },
              "non_striker": "T Banton",
              "runs": {
                "batter": 0,
                "extras": 1,
                "total": 1
              }
            },
            {
              "batter": "HC Brook",
              "bowler": "GHS Garton",
              "non_striker": "T Banton",
              "runs": {
                "batter": 6,
                "extras": 0,
                "total": 6
              }
            }
          ]
        },
        {
          "over": 17,
          "deliveries": [
            {
              "batter": "HC Brook",
              "bowler": "TS Mills",
              "non_striker": "T Banton",
              "runs": {
                "batter": 0,
                "extras": 0,
                "total": 0
              }
            },
            {
              "batter": "HC Brook",
              "bowler": "TS Mills",
              "non_striker": "T Banton",
              "runs": {
                "batter": 2,
                "extras": 0,
                "total": 2
              }
            },
            {
              "batter": "HC Brook",
              "bowler": "TS Mills",
              "extras": {
                "wides": 1
              },
              "non_striker": "T Banton",
              "runs": {
                "batter": 0,
                "extras": 1,
                "total": 1
              }
            },
            {
              "batter": "HC Brook",
              "bowler": "TS Mills",
              "non_striker": "T Banton",
              "runs": {
                "batter": 1,
                "extras": 0,
                "total": 1
              }
            },
            {
              "batter": "T Banton",
              "bowler": "TS Mills",
              "non_striker": "HC Brook",
              "runs": {
                "batter": 0,
                "extras": 0,
                "total": 0
              },
              "wickets": [
                {
                  "player_out": "T Banton",
                  "fielders": [
                    {
                      "name": "C Overton"
                    }
                  ],
                  "kind": "caught"
                }
              ]
            },
            {
              "batter": "D Wiese",
              "bowler": "TS Mills",
              "non_striker": "HC Brook",
              "runs": {
                "batter": 0,
                "extras": 0,
                "total": 0
              }
            }
          ]
        },
        {
          "over": 18,
          "deliveries": [
            {
              "batter": "HC Brook",
              "bowler": "TS Mills",
              "non_striker": "D Wiese",
              "runs": {
                "batter": 4,
                "extras": 0,
                "total": 4
              }
            },
            {
              "batter": "HC Brook",
              "bowler": "TS Mills",
              "non_striker": "D Wiese",
              "runs": {
                "batter": 4,
                "extras": 0,
                "total": 4
              }
            },
            {
              "batter": "HC Brook",
              "bowler": "TS Mills",
              "non_striker": "D Wiese",
              "runs": {
                "batter": 1,
                "extras": 0,
                "total": 1
              }
            },
            {
              "batter": "D Wiese",
              "bowler": "TS Mills",
              "non_striker": "HC Brook",
              "runs": {
                "batter": 1,
                "extras": 0,
                "total": 1
              },
              "wickets": [
                {
                  "player_out": "D Wiese",
                  "fielders": [
                    {
                      "name": "DP Conway"
                    },
                    {
                      "name": "GHS Garton"
                    }
                  ],
                  "kind": "run out"
                }
              ]
            },
            {
              "batter": "AJ Hose",
              "bowler": "TS Mills",
              "non_striker": "HC Brook",
              "runs": {
                "batter": 0,
                "extras": 0,
                "total": 0
              }
            }
          ]
        },
        {
          "over": 19,
          "deliveries": [
            {
              "batter": "AJ Hose",
              "bowler": "JK Fuller",
              "non_striker": "HC Brook",
              "runs": {
                "batter": 1,
                "extras": 0,
                "total": 1
              }
            },
            {
              "batter": "HC Brook",
              "bowler": "JK Fuller",
              "non_striker": "AJ Hose",
              "runs": {
                "batter": 6,
                "extras": 0,
                "total": 6
              }
            },
            {
              "batter": "HC Brook",
              "bowler": "JK Fuller",
              "non_striker": "AJ Hose",
              "runs": {
                "batter": 1,
                "extras": 0,
                "total": 1
              }
            },
            {
              "batter": "AJ Hose",
              "bowler": "JK Fuller",
              "non_striker": "HC Brook",
              "runs": {
                "batter": 0,
                "extras": 0,
                "total": 0
              }
            },
            {
              "batter": "AJ Hose",
              "bowler": "JK Fuller",
              "non_striker": "HC Brook",
              "runs": {
                "batter": 6,
                "extras": 0,
                "total": 6
              }
            }
          ]
        }
      ],
      "powerplays": [
        {
          "from": 0.1,
          "to": 4.6,
          "type": "mandatory"
        }
      ]
    },
    {
      "team": "Southern Brave",
      "overs": [
        {
          "over": 0,
          "deliveries": [
            {
              "batter": "DP Conway",
              "bowler": "CF Parkinson",
              "non_striker": "FH Allen",
              "runs": {
                "batter": 0,
                "extras": 0,
                "total": 0
              }
            },
            {
              "batter": "DP Conway",
              "bowler": "CF Parkinson",
              "non_striker": "FH Allen",
              "runs": {
                "batter": 4,
                "extras": 0,
                "total": 4
              }
            },
            {
              "batter": "DP Conway",
              "bowler": "CF Parkinson",
              "non_striker": "FH Allen",
              "runs": {
                "batter": 0,
                "extras": 0,
                "total": 0
              }
            },
            {
              "batter": "DP Conway",
              "bowler": "CF Parkinson",
              "non_striker": "FH Allen",
              "runs": {
                "batter": 0,
                "extras": 0,
                "total": 0
              }
            },
            {
              "batter": "DP Conway",
              "bowler": "CF Parkinson",
              "non_striker": "FH Allen",
              "runs": {
                "batter": 1,
                "extras": 0,
                "total": 1
              }
            }
          ]
        },
        {
          "over": 1,
          "deliveries": [
            {
              "batter": "FH Allen",
              "bowler": "RJW Topley",
              "extras": {
                "wides": 1
              },
              "non_striker": "DP Conway",
              "runs": {
                "batter": 0,
                "extras": 1,
                "total": 1
              }
            },
            {
              "batter": "FH Allen",
              "bowler": "RJW Topley",
              "non_striker": "DP Conway",
              "runs": {
                "batter": 6,
                "extras": 0,
                "total": 6
              }
            },
            {
              "batter": "FH Allen",
              "bowler": "RJW Topley",
              "non_striker": "DP Conway",
              "runs": {
                "batter": 0,
                "extras": 0,
                "total": 0
              }
            },
            {
              "batter": "FH Allen",
              "bowler": "RJW Topley",
              "non_striker": "DP Conway",
              "runs": {
                "batter": 4,
                "extras": 0,
                "total": 4
              }
            },
            {
              "batter": "FH Allen",
              "bowler": "RJW Topley",
              "non_striker": "DP Conway",
              "runs": {
                "batter": 0,
                "extras": 0,
                "total": 0
              }
            },
            {
              "batter": "FH Allen",
              "bowler": "RJW Topley",
              "non_striker": "DP Conway",
              "runs": {
                "batter": 0,
                "extras": 0,
                "total": 0
              },
              "wickets": [
                {
                  "player_out": "FH Allen",
                  "fielders": [
                    {
                      "name": "D Wiese"
                    }
                  ],
                  "kind": "caught"
                }
              ]
            }
          ]
        },
        {
          "over": 2,
          "deliveries": [
            {
              "batter": "DP Conway",
              "bowler": "WD Parnell",
              "non_striker": "JM Vince",
              "runs": {
                "batter": 1,
                "extras": 0,
                "total": 1
              }
            },
            {
              "batter": "JM Vince",
              "bowler": "WD Parnell",
              "non_striker": "DP Conway",
              "runs": {
                "batter": 0,
                "extras": 0,
                "total": 0
              }
            },
            {
              "batter": "JM Vince",
              "bowler": "WD Parnell",
              "non_striker": "DP Conway",
              "runs": {
                "batter": 4,
                "extras": 0,
                "total": 4
              }
            },
            {
              "batter": "JM Vince",
              "bowler": "WD Parnell",
              "non_striker": "DP Conway",
              "runs": {
                "batter": 4,
                "extras": 0,
                "total": 4
              }
            },
            {
              "batter": "JM Vince",
              "bowler": "WD Parnell",
              "non_striker": "DP Conway",
              "runs": {
                "batter": 1,
                "extras": 0,
                "total": 1
              }
            }
          ]
        },
        {
          "over": 3,
          "deliveries": [
            {
              "batter": "DP Conway",
              "bowler": "RJW Topley",
              "non_striker": "JM Vince",
              "runs": {
                "batter": 4,
                "extras": 0,
                "total": 4
              }
            },
            {
              "batter": "DP Conway",
              "bowler": "RJW Topley",
              "non_striker": "JM Vince",
              "runs": {
                "batter": 1,
                "extras": 0,
                "total": 1
              }
            },
            {
              "batter": "JM Vince",
              "bowler": "RJW Topley",
              "non_striker": "DP Conway",
              "runs": {
                "batter": 4,
                "extras": 0,
                "total": 4
              }
            },
            {
              "batter": "JM Vince",
              "bowler": "RJW Topley",
              "non_striker": "DP Conway",
              "runs": {
                "batter": 4,
                "extras": 0,
                "total": 4
              }
            },
            {
              "batter": "JM Vince",
              "bowler": "RJW Topley",
              "non_striker": "DP Conway",
              "runs": {
                "batter": 0,
                "extras": 0,
                "total": 0
              }
            }
          ]
        },
        {
          "over": 4,
          "deliveries": [
            {
              "batter": "DP Conway",
              "bowler": "CF Parkinson",
              "non_striker": "JM Vince",
              "runs": {
                "batter": 1,
                "extras": 0,
                "total": 1
              }
            },
            {
              "batter": "JM Vince",
              "bowler": "CF Parkinson",
              "non_striker": "DP Conway",
              "runs": {
                "batter": 0,
                "extras": 0,
                "total": 0
              }
            },
            {
              "batter": "JM Vince",
              "bowler": "CF Parkinson",
              "non_striker": "DP Conway",
              "runs": {
                "batter": 0,
                "extras": 0,
                "total": 0
              }
            },
            {
              "batter": "JM Vince",
              "bowler": "CF Parkinson",
              "non_striker": "DP Conway",
              "runs": {
                "batter": 0,
                "extras": 0,
                "total": 0
              }
            },
            {
              "batter": "JM Vince",
              "bowler": "CF Parkinson",
              "non_striker": "DP Conway",
              "runs": {
                "batter": 0,
                "extras": 0,
                "total": 0
              }
            }
          ]
        },
        {
          "over": 5,
          "deliveries": [
            {
              "batter": "JM Vince",
              "bowler": "CF Parkinson",
              "non_striker": "DP Conway",
              "runs": {
                "batter": 0,
                "extras": 0,
                "total": 0
              }
            },
            {
              "batter": "JM Vince",
              "bowler": "CF Parkinson",
              "extras": {
                "wides": 1
              },
              "non_striker": "DP Conway",
              "runs": {
                "batter": 0,
                "extras": 1,
                "total": 1
              }
            },
            {
              "batter": "JM Vince",
              "bowler": "CF Parkinson",
              "non_striker": "DP Conway",
              "runs": {
                "batter": 0,
                "extras": 0,
                "total": 0
              }
            },
            {
              "batter": "JM Vince",
              "bowler": "CF Parkinson",
              "non_striker": "DP Conway",
              "runs": {
                "batter": 1,
                "extras": 0,
                "total": 1
              }
            },
            {
              "batter": "DP Conway",
              "bowler": "CF Parkinson",
              "non_striker": "JM Vince",
              "runs": {
                "batter": 1,
                "extras": 0,
                "total": 1
              }
            },
            {
              "batter": "JM Vince",
              "bowler": "CF Parkinson",
              "non_striker": "DP Conway",
              "runs": {
                "batter": 1,
                "extras": 0,
                "total": 1
              }
            }
          ]
        },
        {
          "over": 6,
          "deliveries": [
            {
              "batter": "JM Vince",
              "bowler": "MW Short",
              "non_striker": "DP Conway",
              "runs": {
                "batter": 1,
                "extras": 0,
                "total": 1
              }
            },
            {
              "batter": "DP Conway",
              "bowler": "MW Short",
              "non_striker": "JM Vince",
              "runs": {
                "batter": 0,
                "extras": 0,
                "total": 0
              }
            },
            {
              "batter": "DP Conway",
              "bowler": "MW Short",
              "non_striker": "JM Vince",
              "runs": {
                "batter": 0,
                "extras": 0,
                "total": 0
              }
            },
            {
              "batter": "DP Conway",
              "bowler": "MW Short",
              "non_striker": "JM Vince",
              "runs": {
                "batter": 1,
                "extras": 0,
                "total": 1
              }
            },
            {
              "batter": "JM Vince",
              "bowler": "MW Short",
              "non_striker": "DP Conway",
              "runs": {
                "batter": 6,
                "extras": 0,
                "total": 6
              }
            }
          ]
        },
        {
          "over": 7,
          "deliveries": [
            {
              "batter": "JM Vince",
              "bowler": "AU Rashid",
              "non_striker": "DP Conway",
              "runs": {
                "batter": 1,
                "extras": 0,
                "total": 1
              }
            },
            {
              "batter": "DP Conway",
              "bowler": "AU Rashid",
              "non_striker": "JM Vince",
              "runs": {
                "batter": 1,
                "extras": 0,
                "total": 1
              }
            },
            {
              "batter": "JM Vince",
              "bowler": "AU Rashid",
              "non_striker": "DP Conway",
              "runs": {
                "batter": 4,
                "extras": 0,
                "total": 4
              }
            },
            {
              "batter": "JM Vince",
              "bowler": "AU Rashid",
              "non_striker": "DP Conway",
              "runs": {
                "batter": 0,
                "extras": 0,
                "total": 0
              }
            },
            {
              "batter": "JM Vince",
              "bowler": "AU Rashid",
              "non_striker": "DP Conway",
              "runs": {
                "batter": 0,
                "extras": 0,
                "total": 0
              }
            }
          ]
        },
        {
          "over": 8,
          "deliveries": [
            {
              "batter": "DP Conway",
              "bowler": "WD Parnell",
              "non_striker": "JM Vince",
              "runs": {
                "batter": 0,
                "extras": 0,
                "total": 0
              }
            },
            {
              "batter": "DP Conway",
              "bowler": "WD Parnell",
              "non_striker": "JM Vince",
              "runs": {
                "batter": 0,
                "extras": 0,
                "total": 0
              },
              "wickets": [
                {
                  "player_out": "DP Conway",
                  "fielders": [
                    {
                      "name": "AJ Hose"
                    }
                  ],
                  "kind": "caught"
                }
              ]
            },
            {
              "batter": "JL du Plooy",
              "bowler": "WD Parnell",
              "non_striker": "JM Vince",
              "runs": {
                "batter": 0,
                "extras": 0,
                "total": 0
              }
            },
            {
              "batter": "JL du Plooy",
              "bowler": "WD Parnell",
              "non_striker": "JM Vince",
              "runs": {
                "batter": 0,
                "extras": 0,
                "total": 0
              }
            },
            {
              "batter": "JL du Plooy",
              "bowler": "WD Parnell",
              "non_striker": "JM Vince",
              "runs": {
                "batter": 1,
                "extras": 0,
                "total": 1
              }
            }
          ]
        },
        {
          "over": 9,
          "deliveries": [
            {
              "batter": "JM Vince",
              "bowler": "D Wiese",
              "non_striker": "JL du Plooy",
              "runs": {
                "batter": 0,
                "extras": 0,
                "total": 0
              }
            },
            {
              "batter": "JM Vince",
              "bowler": "D Wiese",
              "non_striker": "JL du Plooy",
              "runs": {
                "batter": 0,
                "extras": 0,
                "total": 0
              }
            },
            {
              "batter": "JM Vince",
              "bowler": "D Wiese",
              "non_striker": "JL du Plooy",
              "runs": {
                "batter": 1,
                "extras": 0,
                "total": 1
              }
            },
            {
              "batter": "JL du Plooy",
              "bowler": "D Wiese",
              "non_striker": "JM Vince",
              "runs": {
                "batter": 0,
                "extras": 0,
                "total": 0
              }
            },
            {
              "batter": "JL du Plooy",
              "bowler": "D Wiese",
              "non_striker": "JM Vince",
              "runs": {
                "batter": 1,
                "extras": 0,
                "total": 1
              }
            }
          ]
        },
        {
          "over": 10,
          "deliveries": [
            {
              "batter": "JL du Plooy",
              "bowler": "AU Rashid",
              "non_striker": "JM Vince",
              "runs": {
                "batter": 4,
                "extras": 0,
                "total": 4
              }
            },
            {
              "batter": "JL du Plooy",
              "bowler": "AU Rashid",
              "non_striker": "JM Vince",
              "runs": {
                "batter": 1,
                "extras": 0,
                "total": 1
              }
            },
            {
              "batter": "JM Vince",
              "bowler": "AU Rashid",
              "non_striker": "JL du Plooy",
              "runs": {
                "batter": 1,
                "extras": 0,
                "total": 1
              }
            },
            {
              "batter": "JL du Plooy",
              "bowler": "AU Rashid",
              "non_striker": "JM Vince",
              "runs": {
                "batter": 1,
                "extras": 0,
                "total": 1
              }
            },
            {
              "batter": "JM Vince",
              "bowler": "AU Rashid",
              "non_striker": "JL du Plooy",
              "runs": {
                "batter": 0,
                "extras": 0,
                "total": 0
              }
            }
          ]
        },
        {
          "over": 11,
          "deliveries": [
            {
              "batter": "JM Vince",
              "bowler": "AU Rashid",
              "non_striker": "JL du Plooy",
              "runs": {
                "batter": 0,
                "extras": 0,
                "total": 0
              },
              "wickets": [
                {
                  "player_out": "JM Vince",
                  "fielders": [
                    {
                      "name": "RJW Topley"
                    }
                  ],
                  "kind": "caught"
                }
              ]
            },
            {
              "batter": "TH David",
              "bowler": "AU Rashid",
              "non_striker": "JL du Plooy",
              "runs": {
                "batter": 0,
                "extras": 0,
                "total": 0
              }
            },
            {
              "batter": "TH David",
              "bowler": "AU Rashid",
              "non_striker": "JL du Plooy",
              "runs": {
                "batter": 1,
                "extras": 0,
                "total": 1
              }
            },
            {
              "batter": "JL du Plooy",
              "bowler": "AU Rashid",
              "non_striker": "TH David",
              "runs": {
                "batter": 0,
                "extras": 0,
                "total": 0
              }
            },
            {
              "batter": "JL du Plooy",
              "bowler": "AU Rashid",
              "non_striker": "TH David",
              "runs": {
                "batter": 1,
                "extras": 0,
                "total": 1
              }
            }
          ]
        },
        {
          "over": 12,
          "deliveries": [
            {
              "batter": "JL du Plooy",
              "bowler": "CF Parkinson",
              "non_striker": "TH David",
              "runs": {
                "batter": 1,
                "extras": 0,
                "total": 1
              }
            },
            {
              "batter": "TH David",
              "bowler": "CF Parkinson",
              "non_striker": "JL du Plooy",
              "runs": {
                "batter": 1,
                "extras": 0,
                "total": 1
              }
            },
            {
              "batter": "JL du Plooy",
              "bowler": "CF Parkinson",
              "non_striker": "TH David",
              "runs": {
                "batter": 4,
                "extras": 0,
                "total": 4
              }
            },
            {
              "batter": "JL du Plooy",
              "bowler": "CF Parkinson",
              "non_striker": "TH David",
              "runs": {
                "batter": 4,
                "extras": 0,
                "total": 4
              }
            },
            {
              "batter": "JL du Plooy",
              "bowler": "CF Parkinson",
              "non_striker": "TH David",
              "runs": {
                "batter": 0,
                "extras": 0,
                "total": 0
              }
            }
          ]
        },
        {
          "over": 13,
          "deliveries": [
            {
              "batter": "JL du Plooy",
              "bowler": "BA Carse",
              "non_striker": "TH David",
              "runs": {
                "batter": 0,
                "extras": 0,
                "total": 0
              }
            },
            {
              "batter": "JL du Plooy",
              "bowler": "BA Carse",
              "non_striker": "TH David",
              "runs": {
                "batter": 0,
                "extras": 0,
                "total": 0
              }
            },
            {
              "batter": "JL du Plooy",
              "bowler": "BA Carse",
              "non_striker": "TH David",
              "runs": {
                "batter": 4,
                "extras": 0,
                "total": 4
              }
            },
            {
              "batter": "JL du Plooy",
              "bowler": "BA Carse",
              "non_striker": "TH David",
              "runs": {
                "batter": 1,
                "extras": 0,
                "total": 1
              }
            },
            {
              "batter": "TH David",
              "bowler": "BA Carse",
              "non_striker": "JL du Plooy",
              "runs": {
                "batter": 0,
                "extras": 0,
                "total": 0
              }
            }
          ]
        },
        {
          "over": 14,
          "deliveries": [
            {
              "batter": "JL du Plooy",
              "bowler": "AU Rashid",
              "non_striker": "TH David",
              "runs": {
                "batter": 2,
                "extras": 0,
                "total": 2
              }
            },
            {
              "batter": "JL du Plooy",
              "bowler": "AU Rashid",
              "non_striker": "TH David",
              "runs": {
                "batter": 1,
                "extras": 0,
                "total": 1
              }
            },
            {
              "batter": "TH David",
              "bowler": "AU Rashid",
              "non_striker": "JL du Plooy",
              "runs": {
                "batter": 4,
                "extras": 0,
                "total": 4
              }
            },
            {
              "batter": "TH David",
              "bowler": "AU Rashid",
              "non_striker": "JL du Plooy",
              "runs": {
                "batter": 6,
                "extras": 0,
                "total": 6
              }
            },
            {
              "batter": "TH David",
              "bowler": "AU Rashid",
              "non_striker": "JL du Plooy",
              "runs": {
                "batter": 1,
                "extras": 0,
                "total": 1
              }
            }
          ]
        },
        {
          "over": 15,
          "deliveries": [
            {
              "batter": "JL du Plooy",
              "bowler": "D Wiese",
              "non_striker": "TH David",
              "runs": {
                "batter": 1,
                "extras": 0,
                "total": 1
              }
            },
            {
              "batter": "TH David",
              "bowler": "D Wiese",
              "non_striker": "JL du Plooy",
              "runs": {
                "batter": 6,
                "extras": 0,
                "total": 6
              }
            },
            {
              "batter": "TH David",
              "bowler": "D Wiese",
              "non_striker": "JL du Plooy",
              "runs": {
                "batter": 0,
                "extras": 0,
                "total": 0
              }
            },
            {
              "batter": "TH David",
              "bowler": "D Wiese",
              "non_striker": "JL du Plooy",
              "runs": {
                "batter": 6,
                "extras": 0,
                "total": 6
              }
            },
            {
              "batter": "TH David",
              "bowler": "D Wiese",
              "non_striker": "JL du Plooy",
              "runs": {
                "batter": 4,
                "extras": 0,
                "total": 4
              }
            }
          ]
        },
        {
          "over": 16,
          "deliveries": [
            {
              "batter": "JL du Plooy",
              "bowler": "RJW Topley",
              "non_striker": "TH David",
              "runs": {
                "batter": 0,
                "extras": 0,
                "total": 0
              }
            },
            {
              "batter": "JL du Plooy",
              "bowler": "RJW Topley",
              "extras": {
                "wides": 1
              },
              "non_striker": "TH David",
              "runs": {
                "batter": 0,
                "extras": 1,
                "total": 1
              }
            },
            {
              "batter": "JL du Plooy",
              "bowler": "RJW Topley",
              "non_striker": "TH David",
              "runs": {
                "batter": 1,
                "extras": 0,
                "total": 1
              }
            },
            {
              "batter": "TH David",
              "bowler": "RJW Topley",
              "non_striker": "JL du Plooy",
              "runs": {
                "batter": 0,
                "extras": 0,
                "total": 0
              }
            },
            {
              "batter": "TH David",
              "bowler": "RJW Topley",
              "non_striker": "JL du Plooy",
              "runs": {
                "batter": 1,
                "extras": 0,
                "total": 1
              }
            },
            {
              "batter": "JL du Plooy",
              "bowler": "RJW Topley",
              "non_striker": "TH David",
              "runs": {
                "batter": 0,
                "extras": 0,
                "total": 0
              },
              "wickets": [
                {
                  "player_out": "JL du Plooy",
                  "kind": "bowled"
                }
              ]
            }
          ]
        },
        {
          "over": 17,
          "deliveries": [
            {
              "batter": "JJ Weatherley",
              "bowler": "WD Parnell",
              "non_striker": "TH David",
              "runs": {
                "batter": 4,
                "extras": 0,
                "total": 4
              }
            },
            {
              "batter": "JJ Weatherley",
              "bowler": "WD Parnell",
              "non_striker": "TH David",
              "runs": {
                "batter": 1,
                "extras": 0,
                "total": 1
              }
            },
            {
              "batter": "TH David",
              "bowler": "WD Parnell",
              "non_striker": "JJ Weatherley",
              "runs": {
                "batter": 0,
                "extras": 0,
                "total": 0
              }
            },
            {
              "batter": "TH David",
              "bowler": "WD Parnell",
              "non_striker": "JJ Weatherley",
              "runs": {
                "batter": 2,
                "extras": 0,
                "total": 2
              }
            },
            {
              "batter": "TH David",
              "bowler": "WD Parnell",
              "non_striker": "JJ Weatherley",
              "runs": {
                "batter": 6,
                "extras": 0,
                "total": 6
              }
            }
          ]
        },
        {
          "over": 18,
          "deliveries": [
            {
              "batter": "JJ Weatherley",
              "bowler": "RJW Topley",
              "non_striker": "TH David",
              "runs": {
                "batter": 1,
                "extras": 0,
                "total": 1
              }
            },
            {
              "batter": "TH David",
              "bowler": "RJW Topley",
              "non_striker": "JJ Weatherley",
              "runs": {
                "batter": 2,
                "extras": 0,
                "total": 2
              }
            },
            {
              "batter": "TH David",
              "bowler": "RJW Topley",
              "non_striker": "JJ Weatherley",
              "runs": {
                "batter": 0,
                "extras": 0,
                "total": 0
              }
            },
            {
              "batter": "TH David",
              "bowler": "RJW Topley",
              "non_striker": "JJ Weatherley",
              "runs": {
                "batter": 0,
                "extras": 0,
                "total": 0
              },
              "wickets": [
                {
                  "player_out": "TH David",
                  "fielders": [
                    {
                      "name": "HC Brook"
                    }
                  ],
                  "kind": "caught"
                }
              ]
            },
            {
              "batter": "GHS Garton",
              "bowler": "RJW Topley",
              "non_striker": "JJ Weatherley",
              "runs": {
                "batter": 0,
                "extras": 0,
                "total": 0
              }
            }
          ]
        },
        {
          "over": 19,
          "deliveries": [
            {
              "batter": "GHS Garton",
              "bowler": "WD Parnell",
              "non_striker": "JJ Weatherley",
              "runs": {
                "batter": 2,
                "extras": 0,
                "total": 2
              }
            },
            {
              "batter": "GHS Garton",
              "bowler": "WD Parnell",
              "non_striker": "JJ Weatherley",
              "runs": {
                "batter": 1,
                "extras": 0,
                "total": 1
              }
            },
            {
              "batter": "JJ Weatherley",
              "bowler": "WD Parnell",
              "non_striker": "GHS Garton",
              "runs": {
                "batter": 1,
                "extras": 0,
                "total": 1
              }
            },
            {
              "batter": "GHS Garton",
              "bowler": "WD Parnell",
              "non_striker": "JJ Weatherley",
              "runs": {
                "batter": 1,
                "extras": 0,
                "total": 1
              }
            },
            {
              "batter": "JJ Weatherley",
              "bowler": "WD Parnell",
              "non_striker": "GHS Garton",
              "runs": {
                "batter": 1,
                "extras": 0,
                "total": 1
              }
            }
          ]
        }
      ],
      "powerplays": [
        {
          "from": 0.1,
          "to": 4.5,
          "type": "mandatory"
        }
      ],
      "target": {
        "overs": 20,
        "runs": 202
      }
    }
  ]
}