{
  "meta": {
    "data_version": "1.1.0",
    "created": "2023-08-17",
    "revision": 1
  },
  "info": {
    "balls_per_over": 5,
    "city": "Nottingham",
    "dates": [
      "2023-08-17"
    ],
    "event": {
      "name": "The Hundred Women's Competition",
      "match_number": 23
    },
    "gender": "female",
    "match_type": "T20",
    "officials": {
      "match_referees": [
        "AM Smith"
      ],
      "reserve_umpires": [
        "N Pratt"
      ],
      "tv_umpires": [
        "J Naeem"
      ],
      "umpires": [
        "AY Harris",
        "NL Bainton"
      ]
    },
    "outcome": {
      "winner": "Trent Rockets",
      "by": {
        "wickets": 9
      }
    },
    "overs": 20,
    "player_of_match": [
      "BF Smith"
    ],
    "players": {
      "Manchester Originals": [
        "L Wolvaardt",
        "EL Lamb",
        "FMK Morris",
        "DJS Dottin",
        "A Wellington",
        "S Ecclestone",
        "KL George",
        "A Campbell",
        "KE Bryce",
        "E Threlkeld",
        "M Gaur"
      ],
      "Trent Rockets": [
        "L Lee",
        "BF Smith",
        "NR Sciver",
        "H Kaur",
        "FC Wilson",
        "J Gardner",
        "ND Dattani",
        "A King",
        "KH Brunt",
        "A Stonehouse",
        "KL Gordon"
      ]
    },
    "registry": {
      "people": {
        "A Campbell": "4b788e61",
        "A King": "83558266",
        "A Stonehouse": "c9366237",
        "A Wellington": "9b3bcca4",
        "AM Smith": "a0bc360f",
        "AY Harris": "90d95b82",
        "BF Smith": "c64b7c5b",
        "DJS Dottin": "53bee17f",
        "E Threlkeld": "c66c73f9",
        "EL Lamb": "02181d9a",
        "FC Wilson": "a28132bd",
        "FMK Morris": "3a9b3866",
        "H Kaur": "53cd8da6",
        "J Gardner": "184512d1",
        "J Naeem": "0dc3fee0",
        "KE Bryce": "f13d3eba",
        "KH Brunt": "6a434bd3",
        "KL George": "e69dbbef",
        "KL Gordon": "00823a96",
        "L Lee": "7b01ce83",
        "L Wolvaardt": "e60f81c9",
        "M Gaur": "df9cdebf",
        "N Pratt": "01f65cd3",
        "ND Dattani": "13c19f32",
        "NL Bainton": "cd219cb3",
        "NR Sciver": "f3a18a0c",
        "S Ecclestone": "cdb82f1c"
      }
    },
    "season": "2023",
    "team_type": "club",
    "teams": [
      "Manchester Originals",
      "Trent Rockets"
    ],
    "toss": {
      "decision": "bat",
      "winner": "Manchester Originals"
    },
    "venue": "Trent Bridge, Nottingham"
  },
  "innings": [
    {
      "team": "Manchester Originals",
      "overs": [
        {
          "over": 0,
          "deliveries": [
            {
              "batter": "L Wolvaardt",
              "bowler": "A Stonehouse",
              "extras": {
                "wides": 1
              },
              "non_striker": "EL Lamb",
              "runs": {
                "batter": 0,
                "extras": 1,
                "total": 1
              }
            },
            {
              "batter": "L Wolvaardt",
              "bowler": "A Stonehouse",
              "non_striker": "EL Lamb",
              "runs": {
                "batter": 1,
                "extras": 0,
                "total": 1
              }
            },
            {
              "batter": "EL Lamb",
              "bowler": "A Stonehouse",
              "extras": {
                "wides": 1
              },
              "non_striker": "L Wolvaardt",
              "runs": {
                "batter": 0,
                "extras": 1,
                "total": 1
              }
            },
            {
              "batter": "EL Lamb",
              "bowler": "A Stonehouse",
              "non_striker": "L Wolvaardt",
              "runs": {
                "batter": 0,
                "extras": 0,
                "total": 0
              }
            },
            {
              "batter": "EL Lamb",
              "bowler": "A Stonehouse",
              "non_striker": "L Wolvaardt",
              "runs": {
                "batter": 1,
                "extras": 0,
                "total": 1
              }
            },
            {
              "batter": "L Wolvaardt",
              "bowler": "A Stonehouse",
              "non_striker": "EL Lamb",
              "runs": {
                "batter": 0,
                "extras": 0,
                "total": 0
              }
            },
            {
              "batter": "L Wolvaardt",
              "bowler": "A Stonehouse",
              "non_striker": "EL Lamb",
              "runs": {
                "batter": 0,
                "extras": 0,
                "total": 0
              }
            }
          ]
        },
        {
          "over": 1,
          "deliveries": [
            {
              "batter": "L Wolvaardt",
              "bowler": "KH Brunt",
              "non_striker": "EL Lamb",
              "runs": {
                "batter": 4,
                "extras": 0,
                "total": 4
              }
            },
            {
              "batter": "L Wolvaardt",
              "bowler": "KH Brunt",
              "non_striker": "EL Lamb",
              "runs": {
                "batter": 4,
                "extras": 0,
                "total": 4
              }
            },
            {
              "batter": "L Wolvaardt",
              "bowler": "KH Brunt",
              "non_striker": "EL Lamb",
              "runs": {
                "batter": 0,
                "extras": 0,
                "total": 0
              }
            },
            {
              "batter": "L Wolvaardt",
              "bowler": "KH Brunt",
              "non_striker": "EL Lamb",
              "runs": {
                "batter": 0,
                "extras": 0,
                "total": 0
              }
            },
            {
              "batter": "L Wolvaardt",
              "bowler": "KH Brunt",
              "non_striker": "EL Lamb",
              "runs": {
                "batter": 0,
                "extras": 0,
                "total": 0
              }
            }
          ]
        },
        {
          "over": 2,
          "deliveries": [
            {
              "batter": "EL Lamb",
              "bowler": "KL Gordon",
              "non_striker": "L Wolvaardt",
              "runs": {
                "batter": 0,
                "extras": 0,
                "total": 0
              }
            },
            {
              "batter": "EL Lamb",
              "bowler": "KL Gordon",
              "non_striker": "L Wolvaardt",
              "runs": {
                "batter": 1,
                "extras": 0,
                "total": 1
              }
            },
            {
              "batter": "L Wolvaardt",
              "bowler": "KL Gordon",
              "non_striker": "EL Lamb",
              "runs": {
                "batter": 0,
                "extras": 0,
                "total": 0
              }
            },
            {
              "batter": "L Wolvaardt",
              "bowler": "KL Gordon",
              "non_striker": "EL Lamb",
              "runs": {
                "batter": 0,
                "extras": 0,
                "total": 0
              }
            },
            {
              "batter": "L Wolvaardt",
              "bowler": "KL Gordon",
              "non_striker": "EL Lamb",
              "runs": {
                "batter": 0,
                "extras": 0,
                "total": 0
              }
            }
          ]
        },
        {
          "over": 3,
          "deliveries": [
            {
              "batter": "L Wolvaardt",
              "bowler": "KH Brunt",
              "non_striker": "EL Lamb",
              "runs": {
                "batter": 1,
                "extras": 0,
                "total": 1
              }
            },
            {
              "batter": "EL Lamb",
              "bowler": "KH Brunt",
              "non_striker": "L Wolvaardt",
              "runs": {
                "batter": 0,
                "extras": 0,
                "total": 0
              }
            },
            {
              "batter": "EL Lamb",
              "bowler": "KH Brunt",
              "non_striker": "L Wolvaardt",
              "runs": {
                "batter": 0,
                "extras": 0,
                "total": 0
              },
              "wickets": [
                {
                  "player_out": "EL Lamb",
                  "fielders": [
                    {
                      "name": "J Gardner"
                    }
                  ],
                  "kind": "caught"
                }
              ]
            },
            {
              "batter": "FMK Morris",
              "bowler": "KH Brunt",
              "non_striker": "L Wolvaardt",
              "runs": {
                "batter": 0,
                "extras": 0,
                "total": 0
              }
            },
            {
              "batter": "FMK Morris",
              "bowler": "KH Brunt",
              "non_striker": "L Wolvaardt",
              "runs": {
                "batter": 1,
                "extras": 0,
                "total": 1
              }
            }
          ]
        },
        {
          "over": 4,
          "deliveries": [
            {
              "batter": "FMK Morris",
              "bowler": "A Stonehouse",
              "non_striker": "L Wolvaardt",
              "runs": {
                "batter": 0,
                "extras": 0,
                "total": 0
              }
            },
            {
              "batter": "FMK Morris",
              "bowler": "A Stonehouse",
              "non_striker": "L Wolvaardt",
              "runs": {
                "batter": 0,
                "extras": 0,
                "total": 0
              },
              "wickets": [
                {
                  "player_out": "FMK Morris",
                  "fielders": [
                    {
                      "name": "H Kaur"
                    }
                  ],
                  "kind": "caught"
                }
              ]
            },
            {
              "batter": "DJS Dottin",
              "bowler": "A Stonehouse",
              "non_striker": "L Wolvaardt",
              "runs": {
                "batter": 0,
                "extras": 0,
                "total": 0
              }
            },
            {
              "batter": "DJS Dottin",
              "bowler": "A Stonehouse",
              "non_striker": "L Wolvaardt",
              "runs": {
                "batter": 0,
                "extras": 0,
                "total": 0
              }
            },
            {
              "batter": "DJS Dottin",
              "bowler": "A Stonehouse",
              "non_striker": "L Wolvaardt",
              "runs": {
                "batter": 4,
                "extras": 0,
                "total": 4
              }
            }
          ]
        },
        {
          "over": 5,
          "deliveries": [
            {
              "batter": "DJS Dottin",
              "bowler": "A King",
              "non_striker": "L Wolvaardt",
              "runs": {
                "batter": 0,
                "extras": 0,
                "total": 0
              }
            },
            {
              "batter": "DJS Dottin",
              "bowler": "A King",
              "non_striker": "L Wolvaardt",
              "runs": {
                "batter": 0,
                "extras": 0,
                "total": 0
              }
            },
            {
              "batter": "DJS Dottin",
              "bowler": "A King",
              "non_striker": "L Wolvaardt",
              "runs": {
                "batter": 0,
                "extras": 0,
                "total": 0
              }
            },
            {
              "batter": "DJS Dottin",
              "bowler": "A King",
              "non_striker": "L Wolvaardt",
              "runs": {
                "batter": 1,
                "extras": 0,
                "total": 1
              }
            },
            {
              "batter": "L Wolvaardt",
              "bowler": "A King",
              "non_striker": "DJS Dottin",
              "runs": {
                "batter": 1,
                "extras": 0,
                "total": 1
              }
            }
          ]
        },
        {
          "over": 6,
          "deliveries": [
            {
              "batter": "L Wolvaardt",
              "bowler": "KL Gordon",
              "non_striker": "DJS Dottin",
              "runs": {
                "batter": 1,
                "extras": 0,
                "total": 1
              }
            },
            {
              "batter": "DJS Dottin",
              "bowler": "KL Gordon",
              "non_striker": "L Wolvaardt",
              "runs": {
                "batter": 0,
                "extras": 0,
                "total": 0
              }
            },
            {
              "batter": "DJS Dottin",
              "bowler": "KL Gordon",
              "non_striker": "L Wolvaardt",
              "runs": {
                "batter": 0,
                "extras": 0,
                "total": 0
              }
            },
            {
              "batter": "DJS Dottin",
              "bowler": "KL Gordon",
              "non_striker": "L Wolvaardt",
              "runs": {
                "batter": 1,
                "extras": 0,
                "total": 1
              }
            },
            {
              "batter": "L Wolvaardt",
              "bowler": "KL Gordon",
              "non_striker": "DJS Dottin",
              "runs": {
                "batter": 0,
                "extras": 0,
                "total": 0
              }
            }
          ]
        },
        {
          "over": 7,
          "deliveries": [
            {
              "batter": "L Wolvaardt",
              "bowler": "A King",
              "non_striker": "DJS Dottin",
              "runs": {
                "batter": 1,
                "extras": 0,
                "total": 1
              }
            },
            {
              "batter": "DJS Dottin",
              "bowler": "A King",
              "non_striker": "L Wolvaardt",
              "runs": {
                "batter": 0,
                "extras": 0,
                "total": 0
              }
            },
            {
              "batter": "DJS Dottin",
              "bowler": "A King",
              "non_striker": "L Wolvaardt",
              "runs": {
                "batter": 1,
                "extras": 0,
                "total": 1
              }
            },
            {
              "batter": "L Wolvaardt",
              "bowler": "A King",
              "non_striker": "DJS Dottin",
              "runs": {
                "batter": 0,
                "extras": 0,
                "total": 0
              }
            },
            {
              "batter": "L Wolvaardt",
              "bowler": "A King",
              "non_striker": "DJS Dottin",
              "runs": {
                "batter": 1,
                "extras": 0,
                "total": 1
              }
            }
          ]
        },
        {
          "over": 8,
          "deliveries": [
            {
              "batter": "L Wolvaardt",
              "bowler": "BF Smith",
              "non_striker": "DJS Dottin",
              "runs": {
                "batter": 1,
                "extras": 0,
                "total": 1
              }
            },
            {
              "batter": "DJS Dottin",
              "bowler": "BF Smith",
              "non_striker": "L Wolvaardt",
              "runs": {
                "batter": 1,
                "extras": 0,
                "total": 1
              }
            },
            {
              "batter": "L Wolvaardt",
              "bowler": "BF Smith",
              "non_striker": "DJS Dottin",
              "runs": {
                "batter": 1,
                "extras": 0,
                "total": 1
              }
            },
            {
              "batter": "DJS Dottin",
              "bowler": "BF Smith",
              "non_striker": "L Wolvaardt",
              "runs": {
                "batter": 6,
                "extras": 0,
                "total": 6
              }
            },
            {
              "batter": "DJS Dottin",
              "bowler": "BF Smith",
              "non_striker": "L Wolvaardt",
              "runs": {
                "batter": 1,
                "extras": 0,
                "total": 1
              }
            }
          ]
        },
        {
          "over": 9,
          "deliveries": [
            {
              "batter": "L Wolvaardt",
              "bowler": "A King",
              "non_striker": "DJS Dottin",
              "runs": {
                "batter": 0,
                "extras": 0,
                "total": 0
              }
            },
            {
              "batter": "L Wolvaardt",
              "bowler": "A King",
              "non_striker": "DJS Dottin",
              "runs": {
                "batter": 0,
                "extras": 0,
                "total": 0
              }
            },
            {
              "batter": "L Wolvaardt",
              "bowler": "A King",
              "non_striker": "DJS Dottin",
              "runs": {
                "batter": 1,
                "extras": 0,
                "total": 1
              }
            },
            {
              "batter": "DJS Dottin",
              "bowler": "A King",
              "non_striker": "L Wolvaardt",
              "runs": {
                "batter": 4,
                "extras": 0,
                "total": 4
              }
            },
            {
              "batter": "DJS Dottin",
              "bowler": "A King",
              "non_striker": "L Wolvaardt",
              "runs": {
                "batter": 1,
                "extras": 0,
                "total": 1
              }
            }
          ]
        },
        {
          "over": 10,
          "deliveries": [
            {
              "batter": "DJS Dottin",
              "bowler": "KH Brunt",
              "extras": {
                "wides": 1
              },
              "non_striker": "L Wolvaardt",
              "runs": {
                "batter": 0,
                "extras": 1,
                "total": 1
              }
            },
            {
              "batter": "DJS Dottin",
              "bowler": "KH Brunt",
              "non_striker": "L Wolvaardt",
              "runs": {
                "batter": 1,
                "extras": 0,
                "total": 1
              }
            },
            {
              "batter": "L Wolvaardt",
              "bowler": "KH Brunt",
              "non_striker": "DJS Dottin",
              "runs": {
                "batter": 1,
                "extras": 0,
                "total": 1
              }
            },
            {
              "batter": "DJS Dottin",
              "bowler": "KH Brunt",
              "non_striker": "L Wolvaardt",
              "runs": {
                "batter": 1,
                "extras": 0,
                "total": 1
              }
            },
            {
              "batter": "L Wolvaardt",
              "bowler": "KH Brunt",
              "non_striker": "DJS Dottin",
              "runs": {
                "batter": 0,
                "extras": 0,
                "total": 0
              }
            },
            {
              "batter": "L Wolvaardt",
              "bowler": "KH Brunt",
              "extras": {
                "byes": 1
              },
              "non_striker": "DJS Dottin",
              "runs": {
                "batter": 0,
                "extras": 1,
                "total": 1
              }
            }
          ]
        },
        {
          "over": 11,
          "deliveries": [
            {
              "batter": "DJS Dottin",
              "bowler": "A Stonehouse",
              "non_striker": "L Wolvaardt",
              "runs": {
                "batter": 0,
                "extras": 0,
                "total": 0
              }
            },
            {
              "batter": "DJS Dottin",
              "bowler": "A Stonehouse",
              "non_striker": "L Wolvaardt",
              "runs": {
                "batter": 1,
                "extras": 0,
                "total": 1
              }
            },
            {
              "batter": "L Wolvaardt",
              "bowler": "A Stonehouse",
              "non_striker": "DJS Dottin",
              "runs": {
                "batter": 0,
                "extras": 0,
                "total": 0
              }
            },
            {
              "batter": "L Wolvaardt",
              "bowler": "A Stonehouse",
              "non_striker": "DJS Dottin",
              "runs": {
                "batter": 4,
                "extras": 0,
                "total": 4
              }
            },
            {
              "batter": "L Wolvaardt",
              "bowler": "A Stonehouse",
              "extras": {
                "noballs": 2
              },
              "non_striker": "DJS Dottin",
              "runs": {
                "batter": 0,
                "extras": 2,
                "total": 2
              }
            },
            {
              "batter": "L Wolvaardt",
              "bowler": "A Stonehouse",
              "non_striker": "DJS Dottin",
              "runs": {
                "batter": 1,
                "extras": 0,
                "total": 1
              }
            }
          ]
        },
        {
          "over": 12,
          "deliveries": [
            {
              "batter": "L Wolvaardt",
              "bowler": "KL Gordon",
              "non_striker": "DJS Dottin",
              "runs": {
                "batter": 0,
                "extras": 0,
                "total": 0
              },
              "wickets": [
                {
                  "player_out": "L Wolvaardt",
                  "fielders": [
                    {
                      "name": "L Lee"
                    }
                  ],
                  "kind": "stumped"
                }
              ]
            },
            {
              "batter": "A Wellington",
              "bowler": "KL Gordon",
              "non_striker": "DJS Dottin",
              "runs": {
                "batter": 0,
                "extras": 0,
                "total": 0
              }
            },
            {
              "batter": "A Wellington",
              "bowler": "KL Gordon",
              "extras": {
                "legbyes": 1
              },
              "non_striker": "DJS Dottin",
              "runs": {
                "batter": 0,
                "extras": 1,
                "total": 1
              }
            },
            {
              "batter": "DJS Dottin",
              "bowler": "KL Gordon",
              "non_striker": "A Wellington",
              "runs": {
                "batter": 4,
                "extras": 0,
                "total": 4
              }
            },
            {
              "batter": "DJS Dottin",
              "bowler": "KL Gordon",
              "non_striker": "A Wellington",
              "runs": {
                "batter": 1,
                "extras": 0,
                "total": 1
              }
            }
          ]
        },
        {
          "over": 13,
          "deliveries": [
            {
              "batter": "A Wellington",
              "bowler": "BF Smith",
              "non_striker": "DJS Dottin",
              "runs": {
                "batter": 1,
                "extras": 0,
                "total": 1
              }
            },
            {
              "batter": "DJS Dottin",
              "bowler": "BF Smith",
              "non_striker": "A Wellington",
              "runs": {
                "batter": 1,
                "extras": 0,
                "total": 1
              }
            },
            {
              "batter": "A Wellington",
              "bowler": "BF Smith",
              "non_striker": "DJS Dottin",
              "runs": {
                "batter": 1,
                "extras": 0,
                "total": 1
              }
            },
            {
              "batter": "DJS Dottin",
              "bowler": "BF Smith",
              "non_striker": "A Wellington",
              "runs": {
                "batter": 1,
                "extras": 0,
                "total": 1
              }
            },
            {
              "batter": "A Wellington",
              "bowler": "BF Smith",
              "non_striker": "DJS Dottin",
              "runs": {
                "batter": 1,
                "extras": 0,
                "total": 1
              }
            }
          ]
        },
        {
          "over": 14,
          "deliveries": [
            {
              "batter": "A Wellington",
              "bowler": "BF Smith",
              "non_striker": "DJS Dottin",
              "runs": {
                "batter": 0,
                "extras": 0,
                "total": 0
              }
            },
            {
              "batter": "A Wellington",
              "bowler": "BF Smith",
              "non_striker": "DJS Dottin",
              "runs": {
                "batter": 1,
                "extras": 0,
                "total": 1
              }
            },
            {
              "batter": "DJS Dottin",
              "bowler": "BF Smith",
              "non_striker": "A Wellington",
              "runs": {
                "batter": 0,
                "extras": 0,
                "total": 0
              },
              "wickets": [
                {
                  "player_out": "DJS Dottin",
                  "fielders": [
                    {
                      "name": "A King"
                    }
                  ],
                  "kind": "caught"
                }
              ]
            },
            {
              "batter": "S Ecclestone",
              "bowler": "BF Smith",
              "non_striker": "A Wellington",
              "runs": {
                "batter": 0,
                "extras": 0,
                "total": 0
              }
            },
            {
              "batter": "S Ecclestone",
              "bowler": "BF Smith",
              "non_striker": "A Wellington",
              "runs": {
                "batter": 4,
                "extras": 0,
                "total": 4
              }
            }
          ]
        },
        {
          "over": 15,
          "deliveries": [
            {
              "batter": "S Ecclestone",
              "bowler": "A King",
              "non_striker": "A Wellington",
              "runs": {
                "batter": 1,
                "extras": 0,
                "total": 1
              }
            },
            {
              "batter": "A Wellington",
              "bowler": "A King",
              "non_striker": "S Ecclestone",
              "runs": {
                "batter": 0,
                "extras": 0,
                "total": 0
              },
              "wickets": [
                {
                  "player_out": "S Ecclestone",
                  "fielders": [
                    {
                      "name": "L Lee"
                    },
                    {
                      "name": "KL Gordon"
                    }
                  ],
                  "kind": "run out"
                }
              ]
            },
            {
              "batter": "KL George",
              "bowler": "A King",
              "non_striker": "A Wellington",
              "runs": {
                "batter": 0,
                "extras": 0,
                "total": 0
              }
            },
            {
              "batter": "KL George",
              "bowler": "A King",
              "non_striker": "A Wellington",
              "runs": {
                "batter": 0,
                "extras": 0,
                "total": 0
              }
            },
            {
              "batter": "KL George",
              "bowler": "A King",
              "non_striker": "A Wellington",
              "runs": {
                "batter": 0,
                "extras": 0,
                "total": 0
              }
            }
          ]
        },
        {
          "over": 16,
          "deliveries": [
            {
              "batter": "A Wellington",
              "bowler": "KL Gordon",
              "non_striker": "KL George",
              "runs": {
                "batter": 0,
                "extras": 0,
                "total": 0
              }
            },
            {
              "batter": "A Wellington",
              "bowler": "KL Gordon",
              "non_striker": "KL George",
              "runs": {
                "batter": 4,
                "extras": 0,
                "total": 4
              }
            },
            {
              "batter": "A Wellington",
              "bowler": "KL Gordon",
              "non_striker": "KL George",
              "runs": {
                "batter": 1,
                "extras": 0,
                "total": 1
              }
            },
            {
              "batter": "KL George",
              "bowler": "KL Gordon",
              "non_striker": "A Wellington",
              "runs": {
                "batter": 1,
                "extras": 0,
                "total": 1
              }
            },
            {
              "batter": "A Wellington",
              "bowler": "KL Gordon",
              "non_striker": "KL George",
              "runs": {
                "batter": 4,
                "extras": 0,
                "total": 4
              }
            }
          ]
        },
        {
          "over": 17,
          "deliveries": [
            {
              "batter": "A Wellington",
              "bowler": "KH Brunt",
              "extras": {
                "byes": 1
              },
              "non_striker": "KL George",
              "runs": {
                "batter": 0,
                "extras": 1,
                "total": 1
              }
            },
            {
              "batter": "KL George",
              "bowler": "KH Brunt",
              "non_striker": "A Wellington",
              "runs": {
                "batter": 0,
                "extras": 0,
                "total": 0
              }
            },
            {
              "batter": "KL George",
              "bowler": "KH Brunt",
              "non_striker": "A Wellington",
              "runs": {
                "batter": 4,
                "extras": 0,
                "total": 4
              }
            },
            {
              "batter": "KL George",
              "bowler": "KH Brunt",
              "non_striker": "A Wellington",
              "runs": {
                "batter": 0,
                "extras": 0,
                "total": 0
              }
            },
            {
              "batter": "KL George",
              "bowler": "KH Brunt",
              "non_striker": "A Wellington",
              "runs": {
                "batter": 2,
                "extras": 0,
                "total": 2
              }
            }
          ]
        },
        {
          "over": 18,
          "deliveries": [
            {
              "batter": "A Wellington",
              "bowler": "BF Smith",
              "non_striker": "KL George",
              "runs": {
                "batter": 1,
                "extras": 0,
                "total": 1
              }
            },
            {
              "batter": "KL George",
              "bowler": "BF Smith",
              "non_striker": "A Wellington",
              "runs": {
                "batter": 1,
                "extras": 0,
                "total": 1
              }
            },
            {
              "batter": "A Wellington",
              "bowler": "BF Smith",
              "non_striker": "KL George",
              "runs": {
                "batter": 1,
                "extras": 0,
                "total": 1
              }
            },
            {
              "batter": "KL George",
              "bowler": "BF Smith",
              "non_striker": "A Wellington",
              "runs": {
                "batter": 0,
                "extras": 0,
                "total": 0
              }
            },
            {
              "batter": "KL George",
              "bowler": "BF Smith",
              "non_striker": "A Wellington",
              "runs": {
                "batter": 4,
                "extras": 0,
                "total": 4
              }
            }
          ]
        },
        {
          "over": 19,
          "deliveries": [
            {
              "batter": "KL George",
              "bowler": "A Stonehouse",
              "non_striker": "A Wellington",
              "runs": {
                "batter": 1,
                "extras": 0,
                "total": 1
              }
            },
            {
              "batter": "A Wellington",
              "bowler": "A Stonehouse",
              "extras": {
                "noballs": 2
              },
              "non_striker": "KL George",
              "runs": {
                "batter": 0,
                "extras": 2,
                "total": 2
              }
            },
            {
              "batter": "A Wellington",
              "bowler": "A Stonehouse",
              "non_striker": "KL George",
              "runs": {
                "batter": 4,
                "extras": 0,
                "total": 4
              }
            },
            {
              "batter": "A Wellington",
              "bowler": "A Stonehouse",
              "non_striker": "KL George",
              "runs": {
                "batter": 2,
                "extras": 0,
                "total": 2
              }
            },
            {
              "batter": "A Wellington",
              "bowler": "A Stonehouse",
              "non_striker": "KL George",
              "runs": {
                "batter": 1,
                "extras": 0,
                "total": 1
              }
            },
            {
              "batter": "KL George",
              "bowler": "A Stonehouse",
              "non_striker": "A Wellington",
              "runs": {
                "batter": 1,
                "extras": 0,
                "total": 1
              }
            }
          ]
        }
      ],
      "powerplays": [
        {
          "from": 0.1,
          "to": 4.5,
          "type": "mandatory"
        }
      ]
    },
    {
      "team": "Trent Rockets",
      "overs": [
        {
          "over": 0,
          "deliveries": [
            {
              "batter": "L Lee",
              "bowler": "M Gaur",
              "non_striker": "BF Smith",
              "runs": {
                "batter": 0,
                "extras": 0,
                "total": 0
              }
            },
            {
              "batter": "L Lee",
              "bowler": "M Gaur",
              "non_striker": "BF Smith",
              "runs": {
                "batter": 1,
                "extras": 0,
                "total": 1
              }
            },
            {
              "batter": "BF Smith",
              "bowler": "M Gaur",
              "non_striker": "L Lee",
              "runs": {
                "batter": 0,
                "extras": 0,
                "total": 0
              }
            },
            {
              "batter": "BF Smith",
              "bowler": "M Gaur",
              "non_striker": "L Lee",
              "runs": {
                "batter": 0,
                "extras": 0,
                "total": 0
              }
            },
            {
              "batter": "BF Smith",
              "bowler": "M Gaur",
              "non_striker": "L Lee",
              "runs": {
                "batter": 1,
                "extras": 0,
                "total": 1
              }
            }
          ]
        },
        {
          "over": 1,
          "deliveries": [
            {
              "batter": "L Lee",
              "bowler": "M Gaur",
              "non_striker": "BF Smith",
              "runs": {
                "batter": 2,
                "extras": 0,
                "total": 2
              }
            },
            {
              "batter": "L Lee",
              "bowler": "M Gaur",
              "non_striker": "BF Smith",
              "runs": {
                "batter": 0,
                "extras": 0,
                "total": 0
              }
            },
            {
              "batter": "L Lee",
              "bowler": "M Gaur",
              "non_striker": "BF Smith",
              "runs": {
                "batter": 0,
                "extras": 0,
                "total": 0
              }
            },
            {
              "batter": "L Lee",
              "bowler": "M Gaur",
              "non_striker": "BF Smith",
              "runs": {
                "batter": 4,
                "extras": 0,
                "total": 4
              }
            },
            {
              "batter": "L Lee",
              "bowler": "M Gaur",
              "non_striker": "BF Smith",
              "runs": {
                "batter": 4,
                "extras": 0,
                "total": 4
              }
            }
          ]
        },
        {
          "over": 2,
          "deliveries": [
            {
              "batter": "BF Smith",
              "bowler": "A Wellington",
              "non_striker": "L Lee",
              "runs": {
                "batter": 4,
                "extras": 0,
                "total": 4
              }
            },
            {
              "batter": "BF Smith",
              "bowler": "A Wellington",
              "non_striker": "L Lee",
              "runs": {
                "batter": 4,
                "extras": 0,
                "total": 4
              }
            },
            {
              "batter": "BF Smith",
              "bowler": "A Wellington",
              "non_striker": "L Lee",
              "runs": {
                "batter": 4,
                "extras": 0,
                "total": 4
              }
            },
            {
              "batter": "BF Smith",
              "bowler": "A Wellington",
              "extras": {
                "byes": 4
              },
              "non_striker": "L Lee",
              "runs": {
                "batter": 0,
                "extras": 4,
                "total": 4
              }
            },
            {
              "batter": "BF Smith",
              "bowler": "A Wellington",
              "non_striker": "L Lee",
              "runs": {
                "batter": 0,
                "extras": 0,
                "total": 0
              }
            }
          ]
        },
        {
          "over": 3,
          "deliveries": [
            {
              "batter": "BF Smith",
              "bowler": "S Ecclestone",
              "non_striker": "L Lee",
              "runs": {
                "batter": 0,
                "extras": 0,
                "total": 0
              }
            },
            {
              "batter": "BF Smith",
              "bowler": "S Ecclestone",
              "non_striker": "L Lee",
              "runs": {
                "batter": 4,
                "extras": 0,
                "total": 4
              }
            },
            {
              "batter": "BF Smith",
              "bowler": "S Ecclestone",
              "non_striker": "L Lee",
              "runs": {
                "batter": 4,
                "extras": 0,
                "total": 4
              }
            },
            {
              "batter": "BF Smith",
              "bowler": "S Ecclestone",
              "non_striker": "L Lee",
              "runs": {
                "batter": 4,
                "extras": 0,
                "total": 4
              }
            },
            {
              "batter": "BF Smith",
              "bowler": "S Ecclestone",
              "non_striker": "L Lee",
              "runs": {
                "batter": 0,
                "extras": 0,
                "total": 0
              }
            }
          ]
        },
        {
          "over": 4,
          "deliveries": [
            {
              "batter": "L Lee",
              "bowler": "M Gaur",
              "non_striker": "BF Smith",
              "runs": {
                "batter": 0,
                "extras": 0,
                "total": 0
              }
            },
            {
              "batter": "L Lee",
              "bowler": "M Gaur",
              "non_striker": "BF Smith",
              "runs": {
                "batter": 0,
                "extras": 0,
                "total": 0
              }
            },
            {
              "batter": "L Lee",
              "bowler": "M Gaur",
              "non_striker": "BF Smith",
              "runs": {
                "batter": 4,
                "extras": 0,
                "total": 4
              }
            },
            {
              "batter": "L Lee",
              "bowler": "M Gaur",
              "non_striker": "BF Smith",
              "runs": {
                "batter": 4,
                "extras": 0,
                "total": 4
              }
            },
            {
              "batter": "L Lee",
              "bowler": "M Gaur",
              "non_striker": "BF Smith",
              "runs": {
                "batter": 1,
                "extras": 0,
                "total": 1
              }
            }
          ]
        },
        {
          "over": 5,
          "deliveries": [
            {
              "batter": "BF Smith",
              "bowler": "KE Bryce",
              "non_striker": "L Lee",
              "runs": {
                "batter": 1,
                "extras": 0,
                "total": 1
              }
            },
            {
              "batter": "L Lee",
              "bowler": "KE Bryce",
              "non_striker": "BF Smith",
              "runs": {
                "batter": 1,
                "extras": 0,
                "total": 1
              }
            },
            {
              "batter": "BF Smith",
              "bowler": "KE Bryce",
              "non_striker": "L Lee",
              "runs": {
                "batter": 0,
                "extras": 0,
                "total": 0
              }
            },
            {
              "batter": "BF Smith",
              "bowler": "KE Bryce",
              "non_striker": "L Lee",
              "runs": {
                "batter": 1,
                "extras": 0,
                "total": 1
              }
            },
            {
              "batter": "L Lee",
              "bowler": "KE Bryce",
              "non_striker": "BF Smith",
              "runs": {
                "batter": 6,
                "extras": 0,
                "total": 6
              }
            }
          ]
        },
        {
          "over": 6,
          "deliveries": [
            {
              "batter": "BF Smith",
              "bowler": "FMK Morris",
              "non_striker": "L Lee",
              "runs": {
                "batter": 0,
                "extras": 0,
                "total": 0
              }
            },
            {
              "batter": "BF Smith",
              "bowler": "FMK Morris",
              "non_striker": "L Lee",
              "runs": {
                "batter": 1,
                "extras": 0,
                "total": 1
              }
            },
            {
              "batter": "L Lee",
              "bowler": "FMK Morris",
              "non_striker": "BF Smith",
              "runs": {
                "batter": 0,
                "extras": 0,
                "total": 0
              }
            },
            {
              "batter": "L Lee",
              "bowler": "FMK Morris",
              "non_striker": "BF Smith",
              "runs": {
                "batter": 0,
                "extras": 0,
                "total": 0
              }
            },
            {
              "batter": "L Lee",
              "bowler": "FMK Morris",
              "non_striker": "BF Smith",
              "runs": {
                "batter": 1,
                "extras": 0,
                "total": 1
              }
            }
          ]
        },
        {
          "over": 7,
          "deliveries": [
            {
              "batter": "BF Smith",
              "bowler": "S Ecclestone",
              "non_striker": "L Lee",
              "runs": {
                "batter": 0,
                "extras": 0,
                "total": 0
              },
              "wickets": [
                {
                  "player_out": "BF Smith",
                  "fielders": [
                    {
                      "name": "M Gaur"
                    }
                  ],
                  "kind": "caught"
                }
              ]
            },
            {
              "batter": "NR Sciver",
              "bowler": "S Ecclestone",
              "non_striker": "L Lee",
              "runs": {
                "batter": 0,
                "extras": 0,
                "total": 0
              }
            },
            {
              "batter": "NR Sciver",
              "bowler": "S Ecclestone",
              "non_striker": "L Lee",
              "runs": {
                "batter": 1,
                "extras": 0,
                "total": 1
              }
            },
            {
              "batter": "L Lee",
              "bowler": "S Ecclestone",
              "non_striker": "NR Sciver",
              "runs": {
                "batter": 0,
                "extras": 0,
                "total": 0
              }
            },
            {
              "batter": "L Lee",
              "bowler": "S Ecclestone",
              "non_striker": "NR Sciver",
              "runs": {
                "batter": 0,
                "extras": 0,
                "total": 0
              }
            }
          ]
        },
        {
          "over": 8,
          "deliveries": [
            {
              "batter": "NR Sciver",
              "bowler": "A Wellington",
              "non_striker": "L Lee",
              "runs": {
                "batter": 0,
                "extras": 0,
                "total": 0
              }
            },
            {
              "batter": "NR Sciver",
              "bowler": "A Wellington",
              "non_striker": "L Lee",
              "runs": {
                "batter": 4,
                "extras": 0,
                "total": 4
              }
            },
            {
              "batter": "NR Sciver",
              "bowler": "A Wellington",
              "non_striker": "L Lee",
              "runs": {
                "batter": 0,
                "extras": 0,
                "total": 0
              }
            },
            {
              "batter": "NR Sciver",
              "bowler": "A Wellington",
              "non_striker": "L Lee",
              "runs": {
                "batter": 4,
                "extras": 0,
                "total": 4
              }
            },
            {
              "batter": "NR Sciver",
              "bowler": "A Wellington",
              "non_striker": "L Lee",
              "runs": {
                "batter": 1,
                "extras": 0,
                "total": 1
              }
            }
          ]
        },
        {
          "over": 9,
          "deliveries": [
            {
              "batter": "L Lee",
              "bowler": "M Gaur",
              "non_striker": "NR Sciver",
              "runs": {
                "batter": 0,
                "extras": 0,
                "total": 0
              }
            },
            {
              "batter": "L Lee",
              "bowler": "M Gaur",
              "extras": {
                "legbyes": 1
              },
              "non_striker": "NR Sciver",
              "runs": {
                "batter": 0,
                "extras": 1,
                "total": 1
              }
            },
            {
              "batter": "NR Sciver",
              "bowler": "M Gaur",
              "non_striker": "L Lee",
              "runs": {
                "batter": 1,
                "extras": 0,
                "total": 1
              }
            },
            {
              "batter": "L Lee",
              "bowler": "M Gaur",
              "non_striker": "NR Sciver",
              "runs": {
                "batter": 4,
                "extras": 0,
                "total": 4
              }
            },
            {
              "batter": "L Lee",
              "bowler": "M Gaur",
              "non_striker": "NR Sciver",
              "runs": {
                "batter": 4,
                "extras": 0,
                "total": 4
              }
            }
          ]
        },
        {
          "over": 10,
          "deliveries": [
            {
              "batter": "NR Sciver",
              "bowler": "FMK Morris",
              "non_striker": "L Lee",
              "runs": {
                "batter": 2,
                "extras": 0,
                "total": 2
              }
            },
            {
              "batter": "NR Sciver",
              "bowler": "FMK Morris",
              "non_striker": "L Lee",
              "runs": {
                "batter": 2,
                "extras": 0,
                "total": 2
              }
            },
            {
              "batter": "NR Sciver",
              "bowler": "FMK Morris",
              "non_striker": "L Lee",
              "runs": {
                "batter": 4,
                "extras": 0,
                "total": 4
              }
            },
            {
              "batter": "NR Sciver",
              "bowler": "FMK Morris",
              "non_striker": "L Lee",
              "runs": {
                "batter": 1,
                "extras": 0,
                "total": 1
              }
            },
            {
              "batter": "L Lee",
              "bowler": "FMK Morris",
              "non_striker": "NR Sciver",
              "runs": {
                "batter": 0,
                "extras": 0,
                "total": 0
              }
            }
          ]
        },
        {
          "over": 11,
          "deliveries": [
            {
              "batter": "L Lee",
              "bowler": "S Ecclestone",
              "non_striker": "NR Sciver",
              "runs": {
                "batter": 1,
                "extras": 0,
                "total": 1
              }
            },
            {
              "batter": "NR Sciver",
              "bowler": "S Ecclestone",
              "non_striker": "L Lee",
              "runs": {
                "batter": 1,
                "extras": 0,
                "total": 1
              }
            },
            {
              "batter": "L Lee",
              "bowler": "S Ecclestone",
              "non_striker": "NR Sciver",
              "runs": {
                "batter": 1,
                "extras": 0,
                "total": 1
              }
            },
            {
              "batter": "NR Sciver",
              "bowler": "S Ecclestone",
              "non_striker": "L Lee",
              "runs": {
                "batter": 2,
                "extras": 0,
                "total": 2
              }
            },
            {
              "batter": "NR Sciver",
              "bowler": "S Ecclestone",
              "non_striker": "L Lee",
              "runs": {
                "batter": 1,
                "extras": 0,
                "total": 1
              }
            }
          ]
        },
        {
          "over": 12,
          "deliveries": [
            {
              "batter": "NR Sciver",
              "bowler": "S Ecclestone",
              "non_striker": "L Lee",
              "runs": {
                "batter": 4,
                "extras": 0,
                "total": 4
              }
            },
            {
              "batter": "NR Sciver",
              "bowler": "S Ecclestone",
              "non_striker": "L Lee",
              "runs": {
                "batter": 4,
                "extras": 0,
                "total": 4
              }
            },
            {
              "batter": "NR Sciver",
              "bowler": "S Ecclestone",
              "non_striker": "L Lee",
              "runs": {
                "batter": 1,
                "extras": 0,
                "total": 1
              }
            },
            {
              "batter": "L Lee",
              "bowler": "S Ecclestone",
              "non_striker": "NR Sciver",
              "runs": {
                "batter": 6,
                "extras": 0,
                "total": 6
              }
            }
          ]
        }
      ],
      "powerplays": [
        {
          "from": 0.1,
          "to": 4.5,
          "type": "mandatory"
        }
      ],
      "target": {
        "overs": 20,
        "runs": 108
      }
    }
  ]
}