{
  "meta": {
    "data_version": "1.1.0",
    "created": "2023-08-03",
    "revision": 1
  },
  "info": {
    "balls_per_over": 5,
    "city": "Leeds",
    "dates": [
      "2023-08-03"
    ],
    "event": {
      "name": "The Hundred Women's Competition",
      "match_number": 4
    },
    "gender": "female",
    "match_type": "T20",
    "officials": {
      "match_referees": [
        "PM Such"
      ],
      "reserve_umpires": [
        "S Widdup"
      ],
      "tv_umpires": [
        "NJ Llong"
      ],
      "umpires": [
        "N Pratt",
        "S McLelland"
      ]
    },
    "outcome": {
      "winner": "Northern Superchargers",
      "by": {
        "wickets": 7
      }
    },
    "overs": 20,
    "player_of_match": [
      "AN Davidson-Richards"
    ],
    "players": {
      "Birmingham Phoenix": [
        "SFM Devine",
        "E Jones",
        "AE Jones",
        "EA Burns",
        "T Flintoff",
        "EL Arlott",
        "IECM Wong",
        "AJ Freeborn",
        "C Pavely",
        "HL Baker",
        "KA Levick"
      ],
      "Northern Superchargers": [
        "M Kelly",
        "JI Rodrigues",
        "P Litchfield",
        "HJ Armitage",
        "AN Davidson-Richards",
        "BAM Heath",
        "G Wareham",
        "L Dobson",
        "KL Cross",
        "LCN Smith",
        "G Ballinger"
      ]
    },
    "registry": {
      "people": {
        "AE Jones": "b05e45e4",
        "AJ Freeborn": "c6da6ebf",
        "AN Davidson-Richards": "35828bdd",
        "BAM Heath": "3b5a9438",
        "C Pavely": "907e5f6c",
        "E Jones": "971cb321",
        "EA Burns": "2e0b6638",
        "EL Arlott": "78fd864b",
        "G Ballinger": "2f485713",
        "G Wareham": "f0b4e47d",
        "HJ Armitage": "f05167d2",
        "HL Baker": "cefad9fd",
        "IECM Wong": "e5b17517",
        "JI Rodrigues": "cb08b611",
        "KA Levick": "8f30d191",
        "KL Cross": "1ade138e",
        "L Dobson": "af4f5c77",
        "LCN Smith": "340202b0",
        "M Kelly": "ebf683f9",
        "N Pratt": "01f65cd3",
        "NJ Llong": "573fb985",
        "P Litchfield": "4e6ef14f",
        "PM Such": "c9f1892c",
        "S McLelland": "fcc653b8",
        "S Widdup": "65bf2837",
        "SFM Devine": "de69af96",
        "T Flintoff": "5471b94a"
      }
    },
    "season": "2023",
    "team_type": "club",
    "teams": [
      "Birmingham Phoenix",
      "Northern Superchargers"
    ],
    "toss": {
      "decision": "field",
      "winner": "Northern Superchargers"
    },
    "venue": "Headingley, Leeds"
  },
  "innings": [
    {
      "team": "Birmingham Phoenix",
      "overs": [
        {
          "over": 0,
          "deliveries": [
            {
              "batter": "SFM Devine",
              "bowler": "KL Cross",
              "non_striker": "E Jones",
              "runs": {
                "batter": 1,
                "extras": 0,
                "total": 1
              }
            },
            {
              "batter": "E Jones",
              "bowler": "KL Cross",
              "non_striker": "SFM Devine",
              "runs": {
                "batter": 0,
                "extras": 0,
                "total": 0
              }
            },
            {
              "batter": "E Jones",
              "bowler": "KL Cross",
              "non_striker": "SFM Devine",
              "runs": {
                "batter": 4,
                "extras": 0,
                "total": 4
              }
            },
            {
              "batter": "E Jones",
              "bowler": "KL Cross",
              "non_striker": "SFM Devine",
              "runs": {
                "batter": 0,
                "extras": 0,
                "total": 0
              }
            },
            {
              "batter": "E Jones",
              "bowler": "KL Cross",
              "non_striker": "SFM Devine",
              "runs": {
                "batter": 4,
                "extras": 0,
                "total": 4
              }
            }
          ]
        },
        {
          "over": 1,
          "deliveries": [
            {
              "batter": "E Jones",
              "bowler": "G Ballinger",
              "non_striker": "SFM Devine",
              "runs": {
                "batter": 1,
                "extras": 0,
                "total": 1
              }
            },
            {
              "batter": "SFM Devine",
              "bowler": "G Ballinger",
              "non_striker": "E Jones",
              "runs": {
                "batter": 0,
                "extras": 0,
                "total": 0
              }
            },
            {
              "batter": "SFM Devine",
              "bowler": "G Ballinger",
              "non_striker": "E Jones",
              "runs": {
                "batter": 4,
                "extras": 0,
                "total": 4
              }
            },
            {
              "batter": "SFM Devine",
              "bowler": "G Ballinger",
              "non_striker": "E Jones",
              "runs": {
                "batter": 1,
                "extras": 0,
                "total": 1
              }
            },
            {
              "batter": "E Jones",
              "bowler": "G Ballinger",
              "non_striker": "SFM Devine",
              "runs": {
                "batter": 0,
                "extras": 0,
                "total": 0
              }
            }
          ]
        },
        {
          "over": 2,
          "deliveries": [
            {
              "batter": "SFM Devine",
              "bowler": "L Dobson",
              "non_striker": "E Jones",
              "runs": {
                "batter": 0,
                "extras": 0,
                "total": 0
              }
            },
            {
              "batter": "SFM Devine",
              "bowler": "L Dobson",
              "non_striker": "E Jones",
              "runs": {
                "batter": 4,
                "extras": 0,
                "total": 4
              }
            },
            {
              "batter": "SFM Devine",
              "bowler": "L Dobson",
              "non_striker": "E Jones",
              "runs": {
                "batter": 1,
                "extras": 0,
                "total": 1
              }
            },
            {
              "batter": "E Jones",
              "bowler": "L Dobson",
              "non_striker": "SFM Devine",
              "runs": {
                "batter": 1,
                "extras": 0,
                "total": 1
              }
            },
            {
              "batter": "SFM Devine",
              "bowler": "L Dobson",
              "non_striker": "E Jones",
              "runs": {
                "batter": 0,
                "extras": 0,
                "total": 0
              }
            }
          ]
        },
        {
          "over": 3,
          "deliveries": [
            {
              "batter": "SFM Devine",
              "bowler": "G Ballinger",
              "non_striker": "E Jones",
              "runs": {
                "batter": 0,
                "extras": 0,
                "total": 0
              }
            },
            {
              "batter": "SFM Devine",
              "bowler": "G Ballinger",
              "non_striker": "E Jones",
              "runs": {
                "batter": 4,
                "extras": 0,
                "total": 4
              }
            },
            {
              "batter": "SFM Devine",
              "bowler": "G Ballinger",
              "non_striker": "E Jones",
              "runs": {
                "batter": 4,
                "extras": 0,
                "total": 4
              }
            },
            {
              "batter": "SFM Devine",
              "bowler": "G Ballinger",
              "non_striker": "E Jones",
              "runs": {
                "batter": 0,
                "extras": 0,
                "total": 0
              }
            },
            {
              "batter": "SFM Devine",
              "bowler": "G Ballinger",
              "non_striker": "E Jones",
              "runs": {
                "batter": 0,
                "extras": 0,
                "total": 0
              }
            }
          ]
        },
        {
          "over": 4,
          "deliveries": [
            {
              "batter": "E Jones",
              "bowler": "KL Cross",
              "non_striker": "SFM Devine",
              "runs": {
                "batter": 0,
                "extras": 0,
                "total": 0
              },
              "wickets": [
                {
                  "player_out": "E Jones",
                  "fielders": [
                    {
                      "name": "AN Davidson-Richards"
                    }
                  ],
                  "kind": "caught"
                }
              ]
            },
            {
              "batter": "AE Jones",
              "bowler": "KL Cross",
              "non_striker": "SFM Devine",
              "runs": {
                "batter": 2,
                "extras": 0,
                "total": 2
              }
            },
            {
              "batter": "AE Jones",
              "bowler": "KL Cross",
              "non_striker": "SFM Devine",
              "runs": {
                "batter": 0,
                "extras": 0,
                "total": 0
              }
            },
            {
              "batter": "AE Jones",
              "bowler": "KL Cross",
              "non_striker": "SFM Devine",
              "runs": {
                "batter": 4,
                "extras": 0,
                "total": 4
              }
            },
            {
              "batter": "AE Jones",
              "bowler": "KL Cross",
              "non_striker": "SFM Devine",
              "runs": {
                "batter": 1,
                "extras": 0,
                "total": 1
              }
            }
          ]
        },
        {
          "over": 5,
          "deliveries": [
            {
              "batter": "SFM Devine",
              "bowler": "G Ballinger",
              "non_striker": "AE Jones",
              "runs": {
                "batter": 0,
                "extras": 0,
                "total": 0
              }
            },
            {
              "batter": "SFM Devine",
              "bowler": "G Ballinger",
              "non_striker": "AE Jones",
              "runs": {
                "batter": 1,
                "extras": 0,
                "total": 1
              }
            },
            {
              "batter": "AE Jones",
              "bowler": "G Ballinger",
              "non_striker": "SFM Devine",
              "runs": {
                "batter": 0,
                "extras": 0,
                "total": 0
              }
            },
            {
              "batter": "AE Jones",
              "bowler": "G Ballinger",
              "non_striker": "SFM Devine",
              "runs": {
                "batter": 1,
                "extras": 0,
                "total": 1
              }
            },
            {
              "batter": "SFM Devine",
              "bowler": "G Ballinger",
              "non_striker": "AE Jones",
              "runs": {
                "batter": 0,
                "extras": 0,
                "total": 0
              }
            }
          ]
        },
        {
          "over": 6,
          "deliveries": [
            {
              "batter": "AE Jones",
              "bowler": "LCN Smith",
              "non_striker": "SFM Devine",
              "runs": {
                "batter": 0,
                "extras": 0,
                "total": 0
              }
            },
            {
              "batter": "AE Jones",
              "bowler": "LCN Smith",
              "non_striker": "SFM Devine",
              "runs": {
                "batter": 4,
                "extras": 0,
                "total": 4
              }
            },
            {
              "batter": "AE Jones",
              "bowler": "LCN Smith",
              "non_striker": "SFM Devine",
              "runs": {
                "batter": 0,
                "extras": 0,
                "total": 0
              }
            },
            {
              "batter": "AE Jones",
              "bowler": "LCN Smith",
              "non_striker": "SFM Devine",
              "runs": {
                "batter": 0,
                "extras": 0,
                "total": 0
              }
            },
            {
              "batter": "AE Jones",
              "bowler": "LCN Smith",
              "non_striker": "SFM Devine",
              "runs": {
                "batter": 1,
                "extras": 0,
                "total": 1
              }
            }
          ]
        },
        {
          "over": 7,
          "deliveries": [
            {
              "batter": "SFM Devine",
              "bowler": "AN Davidson-Richards",
              "non_striker": "AE Jones",
              "runs": {
                "batter": 1,
                "extras": 0,
                "total": 1
              }
            },
            {
              "batter": "AE Jones",
              "bowler": "AN Davidson-Richards",
              "non_striker": "SFM Devine",
              "runs": {
                "batter": 0,
                "extras": 0,
                "total": 0
              }
            },
            {
              "batter": "AE Jones",
              "bowler": "AN Davidson-Richards",
              "non_striker": "SFM Devine",
              "runs": {
                "batter": 0,
                "extras": 0,
                "total": 0
              },
              "wickets": [
                {
                  "player_out": "AE Jones",
                  "fielders": [
                    {
                      "name": "L Dobson"
                    }
                  ],
                  "kind": "caught"
                }
              ]
            },
            {
              "batter": "EA Burns",
              "bowler": "AN Davidson-Richards",
              "non_striker": "SFM Devine",
              "runs": {
                "batter": 1,
                "extras": 0,
                "total": 1
              }
            },
            {
              "batter": "SFM Devine",
              "bowler": "AN Davidson-Richards",
              "non_striker": "EA Burns",
              "runs": {
                "batter": 0,
                "extras": 0,
                "total": 0
              }
            }
          ]
        },
        {
          "over": 8,
          "deliveries": [
            {
              "batter": "EA Burns",
              "bowler": "G Ballinger",
              "non_striker": "SFM Devine",
              "runs": {
                "batter": 0,
                "extras": 0,
                "total": 0
              }
            },
            {
              "batter": "EA Burns",
              "bowler": "G Ballinger",
              "non_striker": "SFM Devine",
              "runs": {
                "batter": 1,
                "extras": 0,
                "total": 1
              }
            },
            {
              "batter": "SFM Devine",
              "bowler": "G Ballinger",
              "non_striker": "EA Burns",
              "runs": {
                "batter": 6,
                "extras": 0,
                "total": 6
              }
            },
            {
              "batter": "SFM Devine",
              "bowler": "G Ballinger",
              "non_striker": "EA Burns",
              "runs": {
                "batter": 0,
                "extras": 0,
                "total": 0
              }
            },
            {
              "batter": "SFM Devine",
              "bowler": "G Ballinger",
              "non_striker": "EA Burns",
              "runs": {
                "batter": 1,
                "extras": 0,
                "total": 1
              }
            }
          ]
        },
        {
          "over": 9,
          "deliveries": [
            {
              "batter": "EA Burns",
              "bowler": "G Wareham",
              "non_striker": "SFM Devine",
              "runs": {
                "batter": 1,
                "extras": 0,
                "total": 1
              }
            },
            {
              "batter": "SFM Devine",
              "bowler": "G Wareham",
              "non_striker": "EA Burns",
              "runs": {
                "batter": 0,
                "extras": 0,
                "total": 0
              }
            },
            {
              "batter": "SFM Devine",
              "bowler": "G Wareham",
              "extras": {
                "wides": 1
              },
              "non_striker": "EA Burns",
              "runs": {
                "batter": 0,
                "extras": 1,
                "total": 1
              }
            },
            {
              "batter": "SFM Devine",
              "bowler": "G Wareham",
              "non_striker": "EA Burns",
              "runs": {
                "batter": 0,
                "extras": 0,
                "total": 0
              }
            },
            {
              "batter": "SFM Devine",
              "bowler": "G Wareham",
              "non_striker": "EA Burns",
              "runs": {
                "batter": 1,
                "extras": 0,
                "total": 1
              }
            },
            {
              "batter": "EA Burns",
              "bowler": "G Wareham",
              "non_striker": "SFM Devine",
              "runs": {
                "batter": 0,
                "extras": 0,
                "total": 0
              },
              "wickets": [
                {
                  "player_out": "EA Burns",
                  "kind": "caught and bowled"
                }
              ]
            }
          ]
        },
        {
          "over": 10,
          "deliveries": [
            {
              "batter": "SFM Devine",
              "bowler": "G Wareham",
              "non_striker": "T Flintoff",
              "runs": {
                "batter": 1,
                "extras": 0,
                "total": 1
              }
            },
            {
              "batter": "T Flintoff",
              "bowler": "G Wareham",
              "non_striker": "SFM Devine",
              "runs": {
                "batter": 3,
                "extras": 0,
                "total": 3
              }
            },
            {
              "batter": "SFM Devine",
              "bowler": "G Wareham",
              "non_striker": "T Flintoff",
              "runs": {
                "batter": 4,
                "extras": 0,
                "total": 4
              }
            },
            {
              "batter": "SFM Devine",
              "bowler": "G Wareham",
              "non_striker": "T Flintoff",
              "runs": {
                "batter": 1,
                "extras": 0,
                "total": 1
              }
            },
            {
              "batter": "T Flintoff",
              "bowler": "G Wareham",
              "non_striker": "SFM Devine",
              "runs": {
                "batter": 0,
                "extras": 0,
                "total": 0
              }
            }
          ]
        },
        {
          "over": 11,
          "deliveries": [
            {
              "batter": "T Flintoff",
              "bowler": "AN Davidson-Richards",
              "non_striker": "SFM Devine",
              "runs": {
                "batter": 0,
                "extras": 0,
                "total": 0
              }
            },
            {
              "batter": "T Flintoff",
              "bowler": "AN Davidson-Richards",
              "non_striker": "SFM Devine",
              "runs": {
                "batter": 0,
                "extras": 0,
                "total": 0
              },
              "wickets": [
                {
                  "player_out": "T Flintoff",
                  "fielders": [
                    {
                      "name": "L Dobson"
                    }
                  ],
                  "kind": "caught"
                }
              ]
            },
            {
              "batter": "EL Arlott",
              "bowler": "AN Davidson-Richards",
              "non_striker": "SFM Devine",
              "runs": {
                "batter": 1,
                "extras": 0,
                "total": 1
              }
            },
            {
              "batter": "SFM Devine",
              "bowler": "AN Davidson-Richards",
              "non_striker": "EL Arlott",
              "runs": {
                "batter": 1,
                "extras": 0,
                "total": 1
              }
            },
            {
              "batter": "EL Arlott",
              "bowler": "AN Davidson-Richards",
              "extras": {
                "noballs": 2
              },
              "non_striker": "SFM Devine",
              "runs": {
                "batter": 1,
                "extras": 2,
                "total": 3
              }
            },
            {
              "batter": "SFM Devine",
              "bowler": "AN Davidson-Richards",
              "non_striker": "EL Arlott",
              "runs": {
                "batter": 4,
                "extras": 0,
                "total": 4
              }
            }
          ]
        },
        {
          "over": 12,
          "deliveries": [
            {
              "batter": "EL Arlott",
              "bowler": "LCN Smith",
              "non_striker": "SFM Devine",
              "runs": {
                "batter": 1,
                "extras": 0,
                "total": 1
              }
            },
            {
              "batter": "SFM Devine",
              "bowler": "LCN Smith",
              "non_striker": "EL Arlott",
              "runs": {
                "batter": 1,
                "extras": 0,
                "total": 1
              }
            },
            {
              "batter": "EL Arlott",
              "bowler": "LCN Smith",
              "non_striker": "SFM Devine",
              "runs": {
                "batter": 0,
                "extras": 0,
                "total": 0
              }
            },
            {
              "batter": "EL Arlott",
              "bowler": "LCN Smith",
              "non_striker": "SFM Devine",
              "runs": {
                "batter": 0,
                "extras": 0,
                "total": 0
              }
            },
            {
              "batter": "EL Arlott",
              "bowler": "LCN Smith",
              "non_striker": "SFM Devine",
              "runs": {
                "batter": 1,
                "extras": 0,
                "total": 1
              }
            }
          ]
        },
        {
          "over": 13,
          "deliveries": [
            {
              "batter": "SFM Devine",
              "bowler": "G Wareham",
              "non_striker": "EL Arlott",
              "runs": {
                "batter": 0,
                "extras": 0,
                "total": 0
              }
            },
            {
              "batter": "SFM Devine",
              "bowler": "G Wareham",
              "non_striker": "EL Arlott",
              "runs": {
                "batter": 1,
                "extras": 0,
                "total": 1
              }
            },
            {
              "batter": "EL Arlott",
              "bowler": "G Wareham",
              "non_striker": "SFM Devine",
              "runs": {
                "batter": 0,
                "extras": 0,
                "total": 0
              }
            },
            {
              "batter": "EL Arlott",
              "bowler": "G Wareham",
              "non_striker": "SFM Devine",
              "runs": {
                "batter": 1,
                "extras": 0,
                "total": 1
              }
            },
            {
              "batter": "SFM Devine",
              "bowler": "G Wareham",
              "non_striker": "EL Arlott",
              "runs": {
                "batter": 1,
                "extras": 0,
                "total": 1
              }
            }
          ]
        },
        {
          "over": 14,
          "deliveries": [
            {
              "batter": "SFM Devine",
              "bowler": "KL Cross",
              "non_striker": "EL Arlott",
              "runs": {
                "batter": 1,
                "extras": 0,
                "total": 1
              }
            },
            {
              "batter": "EL Arlott",
              "bowler": "KL Cross",
              "non_striker": "SFM Devine",
              "runs": {
                "batter": 0,
                "extras": 0,
                "total": 0
              }
            },
            {
              "batter": "EL Arlott",
              "bowler": "KL Cross",
              "non_striker": "SFM Devine",
              "runs": {
                "batter": 0,
                "extras": 0,
                "total": 0
              }
            },
            {
              "batter": "EL Arlott",
              "bowler": "KL Cross",
              "non_striker": "SFM Devine",
              "runs": {
                "batter": 0,
                "extras": 0,
                "total": 0
              },
              "wickets": [
                {
                  "player_out": "EL Arlott",
                  "fielders": [
                    {
                      "name": "AN Davidson-Richards"
                    }
                  ],
                  "kind": "run out"
                }
              ]
            },
            {
              "batter": "SFM Devine",
              "bowler": "KL Cross",
              "non_striker": "IECM Wong",
              "runs": {
                "batter": 2,
                "extras": 0,
                "total": 2
              }
            }
          ]
        },
        {
          "over": 15,
          "deliveries": [
            {
              "batter": "SFM Devine",
              "bowler": "AN Davidson-Richards",
              "non_striker": "IECM Wong",
              "runs": {
                "batter": 0,
                "extras": 0,
                "total": 0
              },
              "wickets": [
                {
                  "player_out": "SFM Devine",
                  "fielders": [
                    {
                      "name": "P Litchfield"
                    }
                  ],
                  "kind": "caught"
                }
              ]
            },
            {
              "batter": "AJ Freeborn",
              "bowler": "AN Davidson-Richards",
              "non_striker": "IECM Wong",
              "runs": {
                "batter": 1,
                "extras": 0,
                "total": 1
              }
            },
            {
              "batter": "IECM Wong",
              "bowler": "AN Davidson-Richards",
              "non_striker": "AJ Freeborn",
              "runs": {
                "batter": 0,
                "extras": 0,
                "total": 0
              }
            },
            {
              "batter": "IECM Wong",
              "bowler": "AN Davidson-Richards",
              "non_striker": "AJ Freeborn",
              "runs": {
                "batter": 0,
                "extras": 0,
                "total": 0
              }
            },
            {
              "batter": "IECM Wong",
              "bowler": "AN Davidson-Richards",
              "non_striker": "AJ Freeborn",
              "runs": {
                "batter": 1,
                "extras": 0,
                "total": 1
              }
            }
          ]
        },
        {
          "over": 16,
          "deliveries": [
            {
              "batter": "IECM Wong",
              "bowler": "G Wareham",
              "non_striker": "AJ Freeborn",
              "runs": {
                "batter": 6,
                "extras": 0,
                "total": 6
              }
            },
            {
              "batter": "IECM Wong",
              "bowler": "G Wareham",
              "non_striker": "AJ Freeborn",
              "runs": {
                "batter": 1,
                "extras": 0,
                "total": 1
              }
            },
            {
              "batter": "AJ Freeborn",
              "bowler": "G Wareham",
              "non_striker": "IECM Wong",
              "runs": {
                "batter": 0,
                "extras": 0,
                "total": 0
              }
            },
            {
              "batter": "AJ Freeborn",
              "bowler": "G Wareham",
              "non_striker": "IECM Wong",
              "runs": {
                "batter": 1,
                "extras": 0,
                "total": 1
              }
            },
            {
              "batter": "IECM Wong",
              "bowler": "G Wareham",
              "non_striker": "AJ Freeborn",
              "runs": {
                "batter": 1,
                "extras": 0,
                "total": 1
              }
            }
          ]
        },
        {
          "over": 17,
          "deliveries": [
            {
              "batter": "AJ Freeborn",
              "bowler": "LCN Smith",
              "non_striker": "IECM Wong",
              "runs": {
                "batter": 0,
                "extras": 0,
                "total": 0
              }
            },
            {
              "batter": "AJ Freeborn",
              "bowler": "LCN Smith",
              "non_striker": "IECM Wong",
              "runs": {
                "batter": 1,
                "extras": 0,
                "total": 1
              }
            },
            {
              "batter": "IECM Wong",
              "bowler": "LCN Smith",
              "non_striker": "AJ Freeborn",
              "runs": {
                "batter": 0,
                "extras": 0,
                "total": 0
              },
              "wickets": [
                {
                  "player_out": "IECM Wong",
                  "fielders": [
                    {
                      "name": "AN Davidson-Richards"
                    }
                  ],
                  "kind": "caught"
                }
              ]
            },
            {
              "batter": "C Pavely",
              "bowler": "LCN Smith",
              "non_striker": "AJ Freeborn",
              "runs": {
                "batter": 0,
                "extras": 0,
                "total": 0
              }
            },
            {
              "batter": "C Pavely",
              "bowler": "LCN Smith",
              "non_striker": "AJ Freeborn",
              "runs": {
                "batter": 1,
                "extras": 0,
                "total": 1
              }
            }
          ]
        },
        {
          "over": 18,
          "deliveries": [
            {
              "batter": "C Pavely",
              "bowler": "KL Cross",
              "non_striker": "AJ Freeborn",
              "runs": {
                "batter": 0,
                "extras": 0,
                "total": 0
              }
            },
            {
              "batter": "C Pavely",
              "bowler": "KL Cross",
              "non_striker": "AJ Freeborn",
              "runs": {
                "batter": 2,
                "extras": 0,
                "total": 2
              }
            },
            {
              "batter": "C Pavely",
              "bowler": "KL Cross",
              "non_striker": "AJ Freeborn",
              "runs": {
                "batter": 1,
                "extras": 0,
                "total": 1
              }
            },
            {
              "batter": "AJ Freeborn",
              "bowler": "KL Cross",
              "non_striker": "C Pavely",
              "runs": {
                "batter": 4,
                "extras": 0,
                "total": 4
              }
            },
            {
              "batter": "AJ Freeborn",
              "bowler": "KL Cross",
              "non_striker": "C Pavely",
              "runs": {
                "batter": 0,
                "extras": 0,
                "total": 0
              }
            }
          ]
        },
        {
          "over": 19,
          "deliveries": [
            {
              "batter": "AJ Freeborn",
              "bowler": "AN Davidson-Richards",
              "non_striker": "C Pavely",
              "runs": {
                "batter": 0,
                "extras": 0,
                "total": 0
              }
            },
            {
              "batter": "AJ Freeborn",
              "bowler": "AN Davidson-Richards",
              "non_striker": "C Pavely",
              "runs": {
                "batter": 4,
                "extras": 0,
                "total": 4
              }
            },
            {
              "batter": "AJ Freeborn",
              "bowler": "AN Davidson-Richards",
              "non_striker": "C Pavely",
              "runs": {
                "batter": 2,
                "extras": 0,
                "total": 2
              }
            },
            {
              "batter": "AJ Freeborn",
              "bowler": "AN Davidson-Richards",
              "non_striker": "C Pavely",
              "runs": {
                "batter": 1,
                "extras": 0,
                "total": 1
              },
              "wickets": [
                {
                  "player_out": "AJ Freeborn",
                  "fielders": [
                    {
                      "name": "BAM Heath"
                    },
                    {
                      "name": "G Wareham"
                    }
                  ],
                  "kind": "run out"
                }
              ]
            },
            {
              "batter": "HL Baker",
              "bowler": "AN Davidson-Richards",
              "non_striker": "C Pavely",
              "runs": {
                "batter": 0,
                "extras": 0,
                "total": 0
              }
            }
          ]
        }
      ],
      "powerplays": [
        {
          "from": 0.1,
          "to": 4.5,
          "type": "mandatory"
        }
      ]
    },
    {
      "team": "Northern Superchargers",
      "overs": [
        {
          "over": 0,
          "deliveries": [
            {
              "batter": "M Kelly",
              "bowler": "C Pavely",
              "non_striker": "JI Rodrigues",
              "runs": {
                "batter": 4,
                "extras": 0,
                "total": 4
              }
            },
            {
              "batter": "M Kelly",
              "bowler": "C Pavely",
              "non_striker": "JI Rodrigues",
              "runs": {
                "batter": 0,
                "extras": 0,
                "total": 0
              }
            },
            {
              "batter": "M Kelly",
              "bowler": "C Pavely",
              "non_striker": "JI Rodrigues",
              "runs": {
                "batter": 0,
                "extras": 0,
                "total": 0
              }
            },
            {
              "batter": "M Kelly",
              "bowler": "C Pavely",
              "non_striker": "JI Rodrigues",
              "runs": {
                "batter": 1,
                "extras": 0,
                "total": 1
              }
            },
            {
              "batter": "JI Rodrigues",
              "bowler": "C Pavely",
              "non_striker": "M Kelly",
              "runs": {
                "batter": 4,
                "extras": 0,
                "total": 4
              }
            }
          ]
        },
        {
          "over": 1,
          "deliveries": [
            {
              "batter": "JI Rodrigues",
              "bowler": "SFM Devine",
              "non_striker": "M Kelly",
              "runs": {
                "batter": 0,
                "extras": 0,
                "total": 0
              }
            },
            {
              "batter": "JI Rodrigues",
              "bowler": "SFM Devine",
              "non_striker": "M Kelly",
              "runs": {
                "batter": 0,
                "extras": 0,
                "total": 0
              }
            },
            {
              "batter": "JI Rodrigues",
              "bowler": "SFM Devine",
              "non_striker": "M Kelly",
              "runs": {
                "batter": 4,
                "extras": 0,
                "total": 4
              }
            },
            {
              "batter": "JI Rodrigues",
              "bowler": "SFM Devine",
              "non_striker": "M Kelly",
              "runs": {
                "batter": 0,
                "extras": 0,
                "total": 0
              }
            },
            {
              "batter": "JI Rodrigues",
              "bowler": "SFM Devine",
              "extras": {
                "wides": 1
              },
              "non_striker": "M Kelly",
              "runs": {
                "batter": 0,
                "extras": 1,
                "total": 1
              }
            },
            {
              "batter": "JI Rodrigues",
              "bowler": "SFM Devine",
              "non_striker": "M Kelly",
              "runs": {
                "batter": 0,
                "extras": 0,
                "total": 0
              }
            }
          ]
        },
        {
          "over": 2,
          "deliveries": [
            {
              "batter": "M Kelly",
              "bowler": "IECM Wong",
              "non_striker": "JI Rodrigues",
              "runs": {
                "batter": 1,
                "extras": 0,
                "total": 1
              }
            },
            {
              "batter": "JI Rodrigues",
              "bowler": "IECM Wong",
              "non_striker": "M Kelly",
              "runs": {
                "batter": 4,
                "extras": 0,
                "total": 4
              }
            },
            {
              "batter": "JI Rodrigues",
              "bowler": "IECM Wong",
              "non_striker": "M Kelly",
              "runs": {
                "batter": 4,
                "extras": 0,
                "total": 4
              }
            },
            {
              "batter": "JI Rodrigues",
              "bowler": "IECM Wong",
              "non_striker": "M Kelly",
              "runs": {
                "batter": 0,
                "extras": 0,
                "total": 0
              }
            },
            {
              "batter": "JI Rodrigues",
              "bowler": "IECM Wong",
              "non_striker": "M Kelly",
              "review": {
                "by": "Northern Superchargers",
                "umpire": "S McLelland",
                "batter": "JI Rodrigues",
                "decision": "struck down"
              },
              "runs": {
                "batter": 0,
                "extras": 0,
                "total": 0
              },
              "wickets": [
                {
                  "player_out": "JI Rodrigues",
                  "kind": "lbw"
                }
              ]
            }
          ]
        },
        {
          "over": 3,
          "deliveries": [
            {
              "batter": "P Litchfield",
              "bowler": "EA Burns",
              "non_striker": "M Kelly",
              "runs": {
                "batter": 1,
                "extras": 0,
                "total": 1
              }
            },
            {
              "batter": "M Kelly",
              "bowler": "EA Burns",
              "non_striker": "P Litchfield",
              "runs": {
                "batter": 0,
                "extras": 0,
                "total": 0
              }
            },
            {
              "batter": "M Kelly",
              "bowler": "EA Burns",
              "non_striker": "P Litchfield",
              "runs": {
                "batter": 0,
                "extras": 0,
                "total": 0
              }
            },
            {
              "batter": "M Kelly",
              "bowler": "EA Burns",
              "non_striker": "P Litchfield",
              "runs": {
                "batter": 4,
                "extras": 0,
                "total": 4
              }
            },
            {
              "batter": "M Kelly",
              "bowler": "EA Burns",
              "non_striker": "P Litchfield",
              "runs": {
                "batter": 1,
                "extras": 0,
                "total": 1
              }
            }
          ]
        },
        {
          "over": 4,
          "deliveries": [
            {
              "batter": "M Kelly",
              "bowler": "SFM Devine",
              "non_striker": "P Litchfield",
              "runs": {
                "batter": 0,
                "extras": 0,
                "total": 0
              }
            },
            {
              "batter": "M Kelly",
              "bowler": "SFM Devine",
              "extras": {
                "byes": 1
              },
              "non_striker": "P Litchfield",
              "runs": {
                "batter": 0,
                "extras": 1,
                "total": 1
              }
            },
            {
              "batter": "P Litchfield",
              "bowler": "SFM Devine",
              "non_striker": "M Kelly",
              "runs": {
                "batter": 4,
                "extras": 0,
                "total": 4
              }
            },
            {
              "batter": "P Litchfield",
              "bowler": "SFM Devine",
              "extras": {
                "wides": 1
              },
              "non_striker": "M Kelly",
              "runs": {
                "batter": 0,
                "extras": 1,
                "total": 1
              }
            },
            {
              "batter": "P Litchfield",
              "bowler": "SFM Devine",
              "non_striker": "M Kelly",
              "runs": {
                "batter": 0,
                "extras": 0,
                "total": 0
              }
            },
            {
              "batter": "P Litchfield",
              "bowler": "SFM Devine",
              "non_striker": "M Kelly",
              "runs": {
                "batter": 4,
                "extras": 0,
                "total": 4
              }
            }
          ]
        },
        {
          "over": 5,
          "deliveries": [
            {
              "batter": "P Litchfield",
              "bowler": "EA Burns",
              "non_striker": "M Kelly",
              "runs": {
                "batter": 0,
                "extras": 0,
                "total": 0
              }
            },
            {
              "batter": "P Litchfield",
              "bowler": "EA Burns",
              "non_striker": "M Kelly",
              "runs": {
                "batter": 1,
                "extras": 0,
                "total": 1
              }
            },
            {
              "batter": "M Kelly",
              "bowler": "EA Burns",
              "non_striker": "P Litchfield",
              "runs": {
                "batter": 2,
                "extras": 0,
                "total": 2
              }
            },
            {
              "batter": "M Kelly",
              "bowler": "EA Burns",
              "non_striker": "P Litchfield",
              "runs": {
                "batter": 4,
                "extras": 0,
                "total": 4
              }
            },
            {
              "batter": "M Kelly",
              "bowler": "EA Burns",
              "extras": {
                "wides": 2
              },
              "non_striker": "P Litchfield",
              "runs": {
                "batter": 0,
                "extras": 2,
                "total": 2
              }
            },
            {
              "batter": "P Litchfield",
              "bowler": "EA Burns",
              "non_striker": "M Kelly",
              "runs": {
                "batter": 0,
                "extras": 0,
                "total": 0
              }
            }
          ]
        },
        {
          "over": 6,
          "deliveries": [
            {
              "batter": "M Kelly",
              "bowler": "EL Arlott",
              "non_striker": "P Litchfield",
              "runs": {
                "batter": 1,
                "extras": 0,
                "total": 1
              }
            },
            {
              "batter": "P Litchfield",
              "bowler": "EL Arlott",
              "non_striker": "M Kelly",
              "runs": {
                "batter": 1,
                "extras": 0,
                "total": 1
              }
            },
            {
              "batter": "M Kelly",
              "bowler": "EL Arlott",
              "non_striker": "P Litchfield",
              "runs": {
                "batter": 4,
                "extras": 0,
                "total": 4
              }
            },
            {
              "batter": "M Kelly",
              "bowler": "EL Arlott",
              "non_striker": "P Litchfield",
              "runs": {
                "batter": 0,
                "extras": 0,
                "total": 0
              }
            },
            {
              "batter": "M Kelly",
              "bowler": "EL Arlott",
              "non_striker": "P Litchfield",
              "runs": {
                "batter": 1,
                "extras": 0,
                "total": 1
              }
            }
          ]
        },
        {
          "over": 7,
          "deliveries": [
            {
              "batter": "P Litchfield",
              "bowler": "KA Levick",
              "non_striker": "M Kelly",
              "runs": {
                "batter": 1,
                "extras": 0,
                "total": 1
              }
            },
            {
              "batter": "M Kelly",
              "bowler": "KA Levick",
              "non_striker": "P Litchfield",
              "runs": {
                "batter": 1,
                "extras": 0,
                "total": 1
              }
            },
            {
              "batter": "P Litchfield",
              "bowler": "KA Levick",
              "non_striker": "M Kelly",
              "runs": {
                "batter": 1,
                "extras": 0,
                "total": 1
              }
            },
            {
              "batter": "M Kelly",
              "bowler": "KA Levick",
              "non_striker": "P Litchfield",
              "runs": {
                "batter": 0,
                "extras": 0,
                "total": 0
              }
            },
            {
              "batter": "M Kelly",
              "bowler": "KA Levick",
              "non_striker": "P Litchfield",
              "runs": {
                "batter": 0,
                "extras": 0,
                "total": 0
              },
              "wickets": [
                {
                  "player_out": "M Kelly",
                  "kind": "bowled"
                }
              ]
            }
          ]
        },
        {
          "over": 8,
          "deliveries": [
            {
              "batter": "P Litchfield",
              "bowler": "EA Burns",
              "non_striker": "HJ Armitage",
              "runs": {
                "batter": 1,
                "extras": 0,
                "total": 1
              }
            },
            {
              "batter": "HJ Armitage",
              "bowler": "EA Burns",
              "non_striker": "P Litchfield",
              "runs": {
                "batter": 0,
                "extras": 0,
                "total": 0
              }
            },
            {
              "batter": "HJ Armitage",
              "bowler": "EA Burns",
              "non_striker": "P Litchfield",
              "runs": {
                "batter": 1,
                "extras": 0,
                "total": 1
              }
            },
            {
              "batter": "P Litchfield",
              "bowler": "EA Burns",
              "non_striker": "HJ Armitage",
              "runs": {
                "batter": 0,
                "extras": 0,
                "total": 0
              }
            },
            {
              "batter": "P Litchfield",
              "bowler": "EA Burns",
              "non_striker": "HJ Armitage",
              "runs": {
                "batter": 0,
                "extras": 0,
                "total": 0
              }
            }
          ]
        },
        {
          "over": 9,
          "deliveries": [
            {
              "batter": "P Litchfield",
              "bowler": "T Flintoff",
              "non_striker": "HJ Armitage",
              "runs": {
                "batter": 0,
                "extras": 0,
                "total": 0
              }
            },
            {
              "batter": "P Litchfield",
              "bowler": "T Flintoff",
              "non_striker": "HJ Armitage",
              "runs": {
                "batter": 4,
                "extras": 0,
                "total": 4
              }
            },
            {
              "batter": "P Litchfield",
              "bowler": "T Flintoff",
              "non_striker": "HJ Armitage",
              "runs": {
                "batter": 4,
                "extras": 0,
                "total": 4
              }
            },
            {
              "batter": "P Litchfield",
              "bowler": "T Flintoff",
              "non_striker": "HJ Armitage",
              "runs": {
                "batter": 4,
                "extras": 0,
                "total": 4
              }
            },
            {
              "batter": "P Litchfield",
              "bowler": "T Flintoff",
              "non_striker": "HJ Armitage",
              "runs": {
                "batter": 4,
                "extras": 0,
                "total": 4
              }
            }
          ]
        },
        {
          "over": 10,
          "deliveries": [
            {
              "batter": "HJ Armitage",
              "bowler": "KA Levick",
              "non_striker": "P Litchfield",
              "runs": {
                "batter": 0,
                "extras": 0,
                "total": 0
              }
            },
            {
              "batter": "HJ Armitage",
              "bowler": "KA Levick",
              "non_striker": "P Litchfield",
              "runs": {
                "batter": 1,
                "extras": 0,
                "total": 1
              }
            },
            {
              "batter": "P Litchfield",
              "bowler": "KA Levick",
              "non_striker": "HJ Armitage",
              "runs": {
                "batter": 1,
                "extras": 0,
                "total": 1
              }
            },
            {
              "batter": "HJ Armitage",
              "bowler": "KA Levick",
              "non_striker": "P Litchfield",
              "runs": {
                "batter": 4,
                "extras": 0,
                "total": 4
              }
            },
            {
              "batter": "HJ Armitage",
              "bowler": "KA Levick",
              "non_striker": "P Litchfield",
              "runs": {
                "batter": 0,
                "extras": 0,
                "total": 0
              }
            }
          ]
        },
        {
          "over": 11,
          "deliveries": [
            {
              "batter": "HJ Armitage",
              "bowler": "HL Baker",
              "non_striker": "P Litchfield",
              "runs": {
                "batter": 4,
                "extras": 0,
                "total": 4
              }
            },
            {
              "batter": "HJ Armitage",
              "bowler": "HL Baker",
              "non_striker": "P Litchfield",
              "runs": {
                "batter": 0,
                "extras": 0,
                "total": 0
              }
            },
            {
              "batter": "HJ Armitage",
              "bowler": "HL Baker",
              "extras": {
                "legbyes": 1
              },
              "non_striker": "P Litchfield",
              "runs": {
                "batter": 0,
                "extras": 1,
                "total": 1
              }
            },
            {
              "batter": "P Litchfield",
              "bowler": "HL Baker",
              "non_striker": "HJ Armitage",
              "runs": {
                "batter": 4,
                "extras": 0,
                "total": 4
              }
            },
            {
              "batter": "P Litchfield",
              "bowler": "HL Baker",
              "non_striker": "HJ Armitage",
              "runs": {
                "batter": 0,
                "extras": 0,
                "total": 0
              }
            }
          ]
        },
        {
          "over": 12,
          "deliveries": [
            {
              "batter": "HJ Armitage",
              "bowler": "KA Levick",
              "non_striker": "P Litchfield",
              "runs": {
                "batter": 0,
                "extras": 0,
                "total": 0
              }
            },
            {
              "batter": "HJ Armitage",
              "bowler": "KA Levick",
              "non_striker": "P Litchfield",
              "runs": {
                "batter": 1,
                "extras": 0,
                "total": 1
              }
            },
            {
              "batter": "P Litchfield",
              "bowler": "KA Levick",
              "non_striker": "HJ Armitage",
              "runs": {
                "batter": 0,
                "extras": 0,
                "total": 0
              }
            },
            {
              "batter": "P Litchfield",
              "bowler": "KA Levick",
              "non_striker": "HJ Armitage",
              "runs": {
                "batter": 1,
                "extras": 0,
                "total": 1
              }
            },
            {
              "batter": "HJ Armitage",
              "bowler": "KA Levick",
              "non_striker": "P Litchfield",
              "runs": {
                "batter": 2,
                "extras": 0,
                "total": 2
              }
            }
          ]
        },
        {
          "over": 13,
          "deliveries": [
            {
              "batter": "HJ Armitage",
              "bowler": "HL Baker",
              "non_striker": "P Litchfield",
              "runs": {
                "batter": 0,
                "extras": 0,
                "total": 0
              }
            },
            {
              "batter": "HJ Armitage",
              "bowler": "HL Baker",
              "non_striker": "P Litchfield",
              "runs": {
                "batter": 0,
                "extras": 0,
                "total": 0
              },
              "wickets": [
                {
                  "player_out": "HJ Armitage",
                  "fielders": [
                    {
                      "name": "EA Burns"
                    }
                  ],
                  "kind": "caught"
                }
              ]
            },
            {
              "batter": "AN Davidson-Richards",
              "bowler": "HL Baker",
              "non_striker": "P Litchfield",
              "runs": {
                "batter": 3,
                "extras": 0,
                "total": 3
              }
            },
            {
              "batter": "P Litchfield",
              "bowler": "HL Baker",
              "non_striker": "AN Davidson-Richards",
              "runs": {
                "batter": 1,
                "extras": 0,
                "total": 1
              }
            },
            {
              "batter": "AN Davidson-Richards",
              "bowler": "HL Baker",
              "non_striker": "P Litchfield",
              "runs": {
                "batter": 0,
                "extras": 0,
                "total": 0
              }
            }
          ]
        },
        {
          "over": 14,
          "deliveries": [
            {
              "batter": "P Litchfield",
              "bowler": "KA Levick",
              "non_striker": "AN Davidson-Richards",
              "runs": {
                "batter": 2,
                "extras": 0,
                "total": 2
              }
            },
            {
              "batter": "P Litchfield",
              "bowler": "KA Levick",
              "non_striker": "AN Davidson-Richards",
              "runs": {
                "batter": 1,
                "extras": 0,
                "total": 1
              }
            },
            {
              "batter": "AN Davidson-Richards",
              "bowler": "KA Levick",
              "non_striker": "P Litchfield",
              "runs": {
                "batter": 1,
                "extras": 0,
                "total": 1
              }
            },
            {
              "batter": "P Litchfield",
              "bowler": "KA Levick",
              "non_striker": "AN Davidson-Richards",
              "runs": {
                "batter": 0,
                "extras": 0,
                "total": 0
              }
            },
            {
              "batter": "P Litchfield",
              "bowler": "KA Levick",
              "non_striker": "AN Davidson-Richards",
              "runs": {
                "batter": 1,
                "extras": 0,
                "total": 1
              }
            }
          ]
        },
        {
          "over": 15,
          "deliveries": [
            {
              "batter": "AN Davidson-Richards",
              "bowler": "HL Baker",
              "non_striker": "P Litchfield",
              "runs": {
                "batter": 1,
                "extras": 0,
                "total": 1
              }
            },
            {
              "batter": "P Litchfield",
              "bowler": "HL Baker",
              "non_striker": "AN Davidson-Richards",
              "runs": {
                "batter": 1,
                "extras": 0,
                "total": 1
              }
            },
            {
              "batter": "AN Davidson-Richards",
              "bowler": "HL Baker",
              "non_striker": "P Litchfield",
              "runs": {
                "batter": 6,
                "extras": 0,
                "total": 6
              }
            }
          ]
        }
      ],
      "powerplays": [
        {
          "from": 0.1,
          "to": 4.6,
          "type": "mandatory"
        }
      ],
      "target": {
        "overs": 20,
        "runs": 111
      }
    }
  ]
}